company_id,company_size,hours,pred_callback_prob,ci_low,ci_high
1,enterprise,1,0.3498116925346197,0.15376707109859022,0.5836353865307558
1,enterprise,2,0.3549864043776229,0.1829396292290202,0.5458955103668163
1,enterprise,4,0.36543724035200753,0.24287664054652075,0.47729928934550836
1,enterprise,6,0.3760163889083887,0.27058841318881544,0.4902391207103149
1,enterprise,8,0.3867151560803197,0.23136857779410697,0.562155334100674
2,midsize,1,0.22033488151172267,0.0922260036193627,0.4174203070907414
2,midsize,2,0.22425487451547121,0.11088712310221005,0.39391395628381626
2,midsize,4,0.23224273655901473,0.12825726635523257,0.35309401615237235
2,midsize,6,0.24042694012819085,0.12333086973385407,0.38611242374145593
2,midsize,8,0.2488060892228242,0.09680490999968695,0.4493929144862673
3,enterprise,1,0.218064970559371,0.10067090004920849,0.39078598343745746
3,enterprise,2,0.22195607603127673,0.11111002715879063,0.3756718478388099
3,enterprise,4,0.2298863210498066,0.11542434641527369,0.35763526028156706
3,enterprise,6,0.23801322809212755,0.1036703150726418,0.40964106982545234
3,enterprise,8,0.2463355375764715,0.08938977159844327,0.5076916617083346
4,midsize,1,0.12239937350625552,0.048444501939976084,0.2696445372175741
4,midsize,2,0.12485601446036679,0.043678488053109026,0.24856979061719342
4,midsize,4,0.12989618544970413,0.04737346584888164,0.2545377166857382
4,midsize,6,0.13510840623448642,0.04459050404659003,0.2787890426253068
4,midsize,8,0.14049600199053325,0.03961464712320249,0.3403380855546112
6,enterprise,1,0.10668081733362526,0.04216725762399725,0.1835289638030964
6,enterprise,2,0.10886110958768466,0.047815807098267875,0.18068861658894703
6,enterprise,4,0.11333922192731355,0.04885277990388245,0.18328928465827032
6,enterprise,6,0.11797715832920483,0.04413950541740913,0.2287052402960023
6,enterprise,8,0.12277860243877166,0.038416227309704676,0.29672744184175515
7,enterprise,1,0.2895663003306143,0.13594574591525285,0.48012394975778766
7,enterprise,2,0.29425313844611484,0.1654101558637937,0.4436568113904556
7,enterprise,4,0.3037580055335937,0.21449335508859071,0.39166953492615075
7,enterprise,6,0.3134335417967113,0.20697203076587756,0.42078951352836597
7,enterprise,8,0.32327417290248633,0.15462079142133076,0.5189690145183902
8,enterprise,1,0.27559284632728703,0.09030255687066327,0.5014894010315852
8,enterprise,2,0.28014269900108546,0.11349922951591063,0.4712786810033859
8,enterprise,4,0.289378664059842,0.15241560937711943,0.44495113197921654
8,enterprise,6,0.29879273880210644,0.15510481419911712,0.44517991926959105
8,enterprise,8,0.30838016881490565,0.12631606761274947,0.4999685893821415
9,startup,1,0.1151385645811757,0.04256468756703784,0.24154683142747962
9,startup,2,0.11746898227642731,0.05344948657978955,0.21535350872424963
9,startup,4,0.12225261119088947,0.07107179253885666,0.18761572284858413
9,startup,6,0.12720296382676557,0.06927146980304985,0.19025220049503974
9,startup,8,0.13232355107269791,0.059042506061866,0.2568467411935177
10,midsize,1,0.03808682728065662,0.010357971277033213,0.08158050726481161
10,midsize,2,0.03892631522296305,0.01255782582734266,0.08359480752560175
10,midsize,4,0.04065884656653406,0.010884878392348482,0.09285791236617347
10,midsize,6,0.042465082193414175,0.010901823715249956,0.1297146857836289
10,midsize,8,0.044347849033018236,0.008011944925900568,0.1640207103198099
11,midsize,1,0.25297713374832204,0.11777612736497232,0.42029936924048605
11,midsize,2,0.2572862253519707,0.13996412791029184,0.3844780083053008
11,midsize,4,0.2660471396671042,0.18711296566708044,0.3454162885661197
11,midsize,6,0.27499591851724253,0.16991094686501693,0.3773883937368611
11,midsize,8,0.2841291747419742,0.13518485494593907,0.48706880368620564
12,enterprise,1,0.24372220911529982,0.11324794470121903,0.40298000966280734
12,enterprise,2,0.24792597648403197,0.13866325753489872,0.37709776023093006
12,enterprise,4,0.2564782277641732,0.16525605147778136,0.3484137409382702
12,enterprise,6,0.2652214537068429,0.15297211743904382,0.3864016212013182
12,enterprise,8,0.2741528336924665,0.11922805417899518,0.48138190755108196
13,midsize,1,0.6875248929928262,0.35377274153607924,0.912687191737081
13,midsize,2,0.6923754586395702,0.39981235486148325,0.8956007374724034
13,midsize,4,0.7019495203171455,0.4904578261898811,0.8619719828748255
13,midsize,6,0.7113498356180269,0.5226340905295912,0.8532970214156631
13,midsize,8,0.7205716922488057,0.523419280381779,0.8563780870189124
14,enterprise,1,0.1814215150311736,0.0798220479798404,0.3422286757837736
14,enterprise,2,0.18481330422973313,0.08553950485821939,0.31308208198814025
14,enterprise,4,0.1917435263353847,0.08916644158504246,0.3109112206922048
14,enterprise,6,0.1988702236535499,0.08527379021056063,0.3589982109316801
14,enterprise,8,0.2061942305273472,0.07588905279241057,0.465489134066267
15,midsize,1,0.17845221919004253,0.07450576653499333,0.27613972100850787
15,midsize,2,0.18180082457161528,0.09229761420687735,0.26346454825714116
15,midsize,4,0.18864422433910052,0.1162463018363425,0.24840510997472406
15,midsize,6,0.19568361646810756,0.1108391574310129,0.2857610232475234
15,midsize,8,0.20291999226471893,0.08214828912720767,0.38685311328264027
16,startup,1,0.3706466184409934,0.12578697450549578,0.676142192395634
16,startup,2,0.3759513264888109,0.15710936789649377,0.6622050554163952
16,startup,4,0.3866493895445149,0.21612118782201312,0.5868432425594023
16,startup,6,0.39745798822584777,0.24468199189684858,0.568769185628909
16,startup,8,0.4083675657972554,0.25130612016369713,0.5835872320817245
17,midsize,1,0.2642419632557107,0.10773218869377772,0.4937672518603003
17,midsize,2,0.2686739232033458,0.12694754006382608,0.48096534897900917
17,midsize,4,0.2776776293461445,0.15397891310068146,0.4301767034351966
17,midsize,6,0.28686471046300477,0.16222797976880116,0.4437209354905828
17,midsize,8,0.296231093849439,0.13033722997111777,0.5007882328297697
18,startup,1,0.13088802822863682,0.043433764283096844,0.2937300784120008
18,startup,2,0.1334891274671797,0.05479093358583493,0.2623777317044847
18,startup,4,0.13882251682927668,0.07514966505146577,0.22512819607765705
18,startup,6,0.14433350111434162,0.08516181843283503,0.22552400076339726
18,startup,8,0.15002514806169254,0.06980633905164922,0.28057035326731655
19,enterprise,1,0.17382046476582474,0.06533689121371931,0.29547420965476756
19,enterprise,2,0.1771008925257492,0.08295934092949409,0.27645040203951704
19,enterprise,4,0.18380712001905192,0.09944188534093482,0.26775815574696077
19,enterprise,6,0.190708438543331,0.09924398462147457,0.30031069617048356
19,enterprise,8,0.197806079182381,0.07821748368917046,0.39944080404036475
20,midsize,1,0.1080190950521896,0.032291568054078006,0.2159265016432809
20,midsize,2,0.1102233636452335,0.038938028671990546,0.19746005733254238
20,midsize,4,0.11475029781847138,0.05608129582562769,0.17169346328115692
20,midsize,6,0.1194381984058707,0.06042753067457262,0.18904754912167857
20,midsize,8,0.1242907249913256,0.05492749290547096,0.24932292707906667
21,enterprise,1,0.2538162020050973,0.09062475024683067,0.4971609396415578
21,enterprise,2,0.2581346471793016,0.11454706902303854,0.46668141754182335
21,enterprise,4,0.26691406898006564,0.155791583958409,0.4087081722436348
21,enterprise,6,0.27588104711288725,0.1815618706559632,0.3924891191501413
21,enterprise,8,0.2850321431503596,0.1674275270705392,0.4393266123566719
22,midsize,1,0.11954639994725057,0.04723056351783798,0.21417561914688676
22,midsize,2,0.12195373689465192,0.052219164786966796,0.20083895973754096
22,midsize,4,0.1268937368619633,0.05775993940877833,0.19639066276348605
22,midsize,6,0.1320037587632842,0.055120045018273306,0.24215517467255462
22,midsize,8,0.13728720469086791,0.04423665418156487,0.32701118239689253
23,enterprise,1,0.5176151523116927,0.23775225404699674,0.7758060619041941
23,enterprise,2,0.5232743965647612,0.28813680259539576,0.7546387158813905
23,enterprise,4,0.5345735339937505,0.38223698169834125,0.6901288551709803
23,enterprise,6,0.5458373006801558,0.4170614914517026,0.676382535283605
23,enterprise,8,0.5570543437564929,0.38548302107918325,0.7337962411676124
24,enterprise,1,0.10646698912012345,0.03669788748851685,0.1762483814707633
24,enterprise,2,0.10864344273801704,0.04608376470758295,0.17079881050324636
24,enterprise,4,0.11311373766999375,0.05399707036662497,0.17855549082958852
24,enterprise,6,0.11774367236178213,0.047734728912315096,0.21154636588305653
24,enterprise,8,0.12253693418604328,0.03643090855965651,0.2844937039499151
25,enterprise,1,0.4455153344458743,0.20050718121174796,0.7008503689862031
25,enterprise,2,0.4511234929503164,0.2496575081234284,0.6637657381923356
25,enterprise,4,0.46237573424499373,0.3193963903564685,0.6123215549184966
25,enterprise,6,0.473666433301108,0.33288736508789707,0.6179725901191788
25,enterprise,8,0.4849841274477915,0.3014134223731057,0.6969320321903572
26,startup,1,0.09446661450377211,0.03228250321217227,0.2016072991598708
26,startup,2,0.09642422331610721,0.04017473616561232,0.17286378224346952
26,startup,4,0.10044839925547162,0.05624050443631035,0.14959097186191017
26,startup,6,0.1046210748167745,0.05671965703817771,0.16272025383174163
26,startup,8,0.1089460924898038,0.045088424602513354,0.2130510937485771
27,midsize,1,0.0963555258211799,0.03504271371534486,0.23748824125342266
27,midsize,2,0.09834802680014143,0.03873111748665636,0.2215581115850845
27,midsize,4,0.10244338818836536,0.046843047390731175,0.1896616134077958
27,midsize,6,0.1066891076376635,0.04493719953674717,0.18946623669166784
27,midsize,8,0.11108901049419653,0.039295301887613966,0.24569791494134297
28,startup,1,0.08523360886867709,0.02461913934939106,0.16448746801622763
28,startup,2,0.08701827073497535,0.029979979616594668,0.15475269776102032
28,startup,4,0.09068929691369453,0.043310390793662584,0.14426269666932579
28,startup,6,0.09449916221545442,0.04755045049493666,0.15776781533966847
28,startup,8,0.09845175125816183,0.0390578532495162,0.21184167788342947
29,startup,1,0.09817411474407413,0.033703751309809155,0.18693734112528027
29,startup,2,0.10020005175272176,0.041473455592554186,0.16262901490947224
29,startup,4,0.10436360772791502,0.04687627437587438,0.1589063676107438
29,startup,6,0.10867927365884715,0.05064252725876284,0.18135108655179785
29,startup,8,0.1131508557538965,0.044249327909473814,0.24530677835056433
30,midsize,1,0.1660807044357352,0.07311120421149818,0.28878038876784273
30,midsize,2,0.16924498606300492,0.08637860723081849,0.2556315045281949
30,midsize,4,0.17571725788719172,0.09732206200738927,0.2457139032320625
30,midsize,6,0.18238270393428377,0.08820086079863901,0.29431836505674625
30,midsize,8,0.1892429409225012,0.07460727029400355,0.37993129314540786
31,enterprise,1,0.3481326895982887,0.1554528455880398,0.5900109287431388
31,enterprise,2,0.3532960601369017,0.19159088592366463,0.5393546889399107
31,enterprise,4,0.3637251942278975,0.232668046726374,0.5096091513785476
31,enterprise,6,0.37428401371489056,0.22975677090840393,0.5323011404935029
31,enterprise,8,0.3849638996928901,0.1865187256657405,0.6264008496506803
32,enterprise,1,0.1824870389352315,0.0758523814655278,0.3204090193860738
32,enterprise,2,0.18589422491594473,0.09260949062894515,0.29662587797512047
32,enterprise,4,0.19285539072677607,0.09793223065064478,0.2847575161543184
32,enterprise,6,0.20001318712611696,0.09001095811429201,0.3288407071266632
32,enterprise,8,0.20736839154408646,0.07607176357473289,0.4162924933019795
33,startup,1,0.06787608550185725,0.020008692453326295,0.1470568139228477
33,startup,2,0.06932485030374548,0.02245882025259436,0.13931865646527034
33,startup,4,0.07230856447945778,0.03164277166731707,0.12618104131199842
33,startup,6,0.07541029115362376,0.03275357711438206,0.13950497245513177
33,startup,8,0.0786337908093037,0.02657655763368155,0.19393044104391355
34,midsize,1,0.04987467985605924,0.01730861434422049,0.09584359375570445
34,midsize,2,0.0509602240681192,0.01853040296863783,0.09197081278712987
34,midsize,4,0.05319871272801037,0.021830176525276194,0.08997474410809887
34,midsize,6,0.055529776334601745,0.02272417045418031,0.11376896080993801
34,midsize,8,0.057956730114190204,0.0172959336037832,0.14542903069635577
35,midsize,1,0.26919043050662816,0.1040571294902394,0.4734103702010861
35,midsize,2,0.2736745159509169,0.12361687177325655,0.43907076926075933
35,midsize,4,0.2827810029695456,0.1531353961608518,0.409172396348997
35,midsize,6,0.29206865851720415,0.14984929241512043,0.42682709361872345
35,midsize,8,0.3015331112981865,0.149535626006868,0.5145985874308665
36,startup,1,0.025320996784572596,0.007353111618311468,0.05318193932650835
36,startup,2,0.025886679957603624,0.008220760407287695,0.050343776130397144
36,startup,4,0.027055181510771353,0.010139241165472818,0.05318129461081171
36,startup,6,0.02827489718267144,0.00914937109146383,0.07461796456481108
36,startup,8,0.029547930748431168,0.007496642424568961,0.09793023132700644
37,startup,1,0.09223990263850419,0.029581469457874935,0.20376900260298078
37,startup,2,0.0941561657910362,0.033979207097381864,0.17870087303211296
37,startup,4,0.0980959626170435,0.0394098119207336,0.16239143365817382
37,startup,6,0.10218201719350767,0.0408931302328545,0.19979269243035355
37,startup,8,0.10641818857757597,0.03503895522865565,0.2679398789823093
38,midsize,1,0.07971564929275123,0.029898762659268073,0.16324374448154236
38,midsize,2,0.08139505392812767,0.038467620059826235,0.14594363625414067
38,midsize,4,0.08485090168071362,0.04582535544743297,0.13422659608916734
38,midsize,6,0.08843935053703601,0.04309848563187192,0.1444180254899276
38,midsize,8,0.09216427562742172,0.036628906870207166,0.20692884444856982
39,startup,1,0.3117681622858352,0.1068540037009768,0.5853968430867229
39,startup,2,0.31665418277403007,0.13178087731542243,0.565146190515182
39,startup,4,0.3265478366212286,0.18374417968431764,0.4969721334661903
39,startup,6,0.3365983464032644,0.21277860339919247,0.47585655066930493
39,startup,8,0.34679889707237166,0.21154407748363277,0.5128379487858835
40,midsize,1,0.14859409173594185,0.055111261403455875,0.3155928151441212
40,midsize,2,0.15148572807263738,0.07046911325623381,0.2781864320116066
40,midsize,4,0.15740753196616764,0.09434497840948519,0.23765419596924475
40,midsize,6,0.16351621744534214,0.09754023067851096,0.2485104821780478
40,midsize,8,0.1698141915021213,0.08132792748587936,0.2940287705824329
41,midsize,1,0.19521776183569864,0.08075499275945469,0.3631792671751166
41,midsize,2,0.1988048382431668,0.0930137861233619,0.3506236699706687
41,midsize,4,0.2061270566706337,0.11450179819047406,0.3143403579169728
41,midsize,6,0.21364704651735053,0.10763707726181038,0.35664744043771796
41,midsize,8,0.22136488365631726,0.08049140431573712,0.4188817364292273
42,enterprise,1,0.20777172010769315,0.07309729383595173,0.40417895467102266
42,enterprise,2,0.21152884150077006,0.09125667228526213,0.36861013833448625
42,enterprise,4,0.21919148921065162,0.1251301465188613,0.3204984102879675
42,enterprise,6,0.2270517836863367,0.14620391739742583,0.3213487653612234
42,enterprise,8,0.23510907665818861,0.12918375950446948,0.3871762114521472
43,enterprise,1,0.04324029820617194,0.01316869056508727,0.08679318932824659
43,enterprise,2,0.04418815792529257,0.016410134324551913,0.08843117311335832
43,enterprise,4,0.0461436389574379,0.015260725977325812,0.09846334274732046
43,enterprise,6,0.04818129466838187,0.01293137464563412,0.11539730854750059
43,enterprise,8,0.05030418578390847,0.009317199677929511,0.1590159024015148
44,startup,1,0.07659781207824946,0.027521383827847162,0.15724245324144495
44,startup,2,0.0782171145745624,0.03294317179194128,0.13882892331047197
44,startup,4,0.08155001265582308,0.04251793734604502,0.1278435009965476
44,startup,6,0.08501183073333628,0.040509694108897404,0.14499543469416398
44,startup,8,0.08860642651838316,0.03457090354573056,0.20127218253702597
45,enterprise,1,0.6597729541752793,0.34277450514588614,0.893491654477966
45,enterprise,2,0.6648443100294981,0.39782186079706605,0.8771098278364025
45,enterprise,4,0.6748728547840537,0.4720484627819283,0.8386651857341447
45,enterprise,6,0.6847436145424093,0.5108357440175023,0.8235499629083324
45,enterprise,8,0.6944503785474646,0.5296153147687824,0.8386232327623601
46,enterprise,1,0.32392826935090824,0.14492981168744107,0.5260991698622152
46,enterprise,2,0.328913785741818,0.1814930623031451,0.48511825695485133
46,enterprise,4,0.33900045926411976,0.24562725329249735,0.421449878253633
46,enterprise,6,0.3492354836346292,0.25949245092623846,0.44355190336992234
46,enterprise,8,0.3596114052398723,0.1964639983638256,0.5502984247010153
47,midsize,1,0.09388215528818245,0.028307288356940005,0.1904849395699273
47,midsize,2,0.09582893421586706,0.03445469474774273,0.1699592191621003
47,midsize,4,0.0998310111706338,0.04846543155591465,0.1562371091063008
47,midsize,6,0.10398100467248769,0.053095815893254336,0.17187112708441135
47,midsize,8,0.10828276194402908,0.04488132424911493,0.2301955534372046
48,startup,1,0.14486880569573427,0.04800438148351204,0.31442197369330793
48,startup,2,0.1477005242169824,0.05825601596661957,0.278625285990077
48,startup,4,0.15350112732256044,0.08109089674794036,0.23354536666377312
48,startup,6,0.15948690775091895,0.09003790621212583,0.2288523092387133
48,startup,8,0.16566042423264285,0.07958026916163763,0.2961528353549118
49,midsize,1,0.25000884048025424,0.08793441107639346,0.5009734933694071
49,midsize,2,0.2542845822498697,0.10653732738998845,0.46113437133302115
49,midsize,4,0.26297947721560905,0.14810052946594218,0.3971309025371723
49,midsize,6,0.2718632923662475,0.17300442023499132,0.380607800735679
49,midsize,8,0.2809328220747553,0.16646979308909757,0.433406773638903
50,startup,1,0.015005190164957155,0.003976772212196091,0.03564312963152349
50,startup,2,0.015344041341082082,0.004915369024175997,0.033599446294099715
50,startup,4,0.016044495872809015,0.005197857660542632,0.04013140980191165
50,startup,6,0.0167763813142861,0.00459749399285285,0.052398025696975485
50,startup,8,0.01754105725998726,0.0039026275574457476,0.06746815559794272
51,startup,1,0.022621470802231397,0.006124930792511322,0.05001731259593254
51,startup,2,0.023128276346775296,0.007326935885648895,0.052717081878389166
51,startup,4,0.02417535614245551,0.007564116537459645,0.05777263955079599
51,startup,6,0.025268613883456675,0.006933792680216565,0.08069727254198401
51,startup,8,0.026409972878422457,0.00647075190236378,0.1053755608189449
52,startup,1,0.11797029491624589,0.03939149863980333,0.26271794196652604
52,startup,2,0.12035023179076747,0.04927109588940022,0.22956384354693296
52,startup,4,0.12523454253574096,0.0628608421590984,0.2084553087929215
52,startup,6,0.13028771901936467,0.06791897292143244,0.22303290443330737
52,startup,8,0.1355132036574657,0.05793718956588406,0.2964156385060906
54,midsize,1,0.16407417524425563,0.04692656078866658,0.3925502464216793
54,midsize,2,0.16720789251239565,0.05698656177717499,0.36277184284389147
54,midsize,4,0.17361854251796496,0.08122032954195221,0.302076081088636
54,midsize,6,0.18022178445096618,0.09111083128278649,0.30204411853707464
54,midsize,8,0.18701933168768833,0.07712308684072577,0.3370917791949497
55,enterprise,1,0.23151740596702766,0.10671304900347216,0.3850988046726813
55,enterprise,2,0.2355762354653591,0.13140285192610743,0.3558229122428634
55,enterprise,4,0.24384060183417453,0.1600397737344056,0.3227530580221773
55,enterprise,6,0.25229920390981975,0.1512724143411512,0.35882792582468925
55,enterprise,8,0.26094996763580797,0.1180442695728989,0.4694601892951821
56,enterprise,1,0.08120685676688066,0.025006901835968407,0.15543523460198894
56,enterprise,2,0.082914846845768,0.02852120827985443,0.15134192847921085
56,enterprise,4,0.08642915035723274,0.03240878409270313,0.15438597767877632
56,enterprise,6,0.09007777549805351,0.02926917066686344,0.1898024146761673
56,enterprise,8,0.09386460261730492,0.02306120308041607,0.2637831390735896
57,midsize,1,0.06985159878302633,0.02600478707637312,0.1313310722960563
57,midsize,2,0.0713393023250858,0.029380697166439332,0.12434798160379668
57,midsize,4,0.07440278639474597,0.033301529752015085,0.11456672439857737
57,midsize,6,0.07758683305824392,0.030755184308006046,0.13959298492886496
57,midsize,8,0.08089523124865537,0.02762617534462273,0.18938907303246114
58,midsize,1,0.01632889178199026,0.0044464093032372,0.04354776456307081
58,midsize,2,0.01669712842145258,0.004410336432099671,0.04327836181388718
58,midsize,4,0.017458256122260617,0.0049527501569641835,0.04558906483049653
58,midsize,6,0.018253435266225426,0.004572179343999403,0.05234441840267747
58,midsize,8,0.019084129318998368,0.00395020232562071,0.06701652632388426
59,startup,1,0.10519787911459264,0.04087548574069189,0.21478387387608527
59,startup,2,0.1073515058852184,0.04796810385090469,0.19521506504494215
59,startup,4,0.11177530821380578,0.06296683090894065,0.17348305591393004
59,startup,6,0.11635764631527025,0.061169738738758805,0.17790866946322495
59,startup,8,0.12110222901317706,0.05204744816695981,0.238148178145105
60,startup,1,0.0814721164568726,0.02955662482315379,0.1761687075663381
60,startup,2,0.08318518051545544,0.03602984667214262,0.14889376474317564
60,startup,4,0.0867098586388428,0.045414365265113964,0.13752870687539034
60,startup,6,0.09036916173861248,0.04771959349136721,0.15396751481751494
60,startup,8,0.09416697088400347,0.037598461020534046,0.19506486963640163
61,midsize,1,0.06305084038424183,0.023028328910203722,0.12844367800361903
61,midsize,2,0.06440372993210203,0.02769072681393598,0.11047412026971035
61,midsize,4,0.06719093234502058,0.0364742292873517,0.10529539709590335
61,midsize,6,0.07008972028663045,0.03454727581739788,0.12356070744508157
61,midsize,8,0.07310376834876244,0.027929103682421543,0.17173594988614066
62,midsize,1,0.40107367744022826,0.1636806233693657,0.6769238397659889
62,midsize,2,0.40653256356180184,0.20199057351905378,0.6562275199454147
62,midsize,4,0.4175186271955411,0.2546961095018354,0.6212718630001577
62,midsize,6,0.428587173109783,0.2770521577034612,0.5998100568056166
62,midsize,8,0.43972763257602043,0.2399015227509355,0.6398011952677989
63,midsize,1,0.34402424133711185,0.1288141196352175,0.6364453799384274
63,midsize,2,0.3491593154879891,0.14873572859942097,0.6212922511769452
63,midsize,4,0.3595342243615702,0.1903092189325431,0.5562114674303842
63,midsize,6,0.37004213736049446,0.2261004353255169,0.5688994201481036
63,midsize,8,0.380674622557959,0.20060616375234727,0.615869243403835
64,enterprise,1,0.14963325689362642,0.0578141301023985,0.25444037661743685
64,enterprise,2,0.15254149227053507,0.06946926067732767,0.22797867860935644
64,enterprise,4,0.1584968583417697,0.08230380938044493,0.23117093500134844
64,enterprise,6,0.16463955817524806,0.08406275781303803,0.26880609378923226
64,enterprise,8,0.17097195531735807,0.06609335910516488,0.36423024714202423
65,midsize,1,0.029844921845230656,0.010174309932763982,0.05624668320503353
65,midsize,2,0.030508508171274727,0.011249602186100525,0.05614303603090355
65,midsize,4,0.031878807448909904,0.011714285960422989,0.062007882042281026
65,midsize,6,0.033308539584153626,0.00995105046152226,0.07197854985839489
65,midsize,8,0.03480008882257313,0.008149441702120966,0.10178064902847521
66,midsize,1,0.3279428341655374,0.12960978677018736,0.5769755078073764
66,midsize,2,0.3329597081647401,0.16097448410552473,0.5503169775406659
66,midsize,4,0.3431070206011257,0.2059905454588633,0.518119322509939
66,midsize,6,0.3533997417810964,0.2111702100798742,0.5161437276759221
66,midsize,8,0.36383021461886145,0.1888487640669693,0.5797021348510016
67,midsize,1,0.20238450599696356,0.07003227397733898,0.4094719694146596
67,midsize,2,0.2060695501870968,0.08997384571504212,0.37402775418076273
67,midsize,4,0.21358800651410956,0.1241824563635347,0.31136533270097055
67,midsize,6,0.22130431110748677,0.13369977363866806,0.31684613741237927
67,midsize,8,0.22921812978061065,0.12200266892662541,0.3840850190968308
68,startup,1,0.1727627690405238,0.05357121368981639,0.3941596099871561
68,startup,2,0.17602748844131935,0.06723146963664377,0.36518146134048884
68,startup,4,0.1827020940443087,0.08814253558076479,0.32359632706001906
68,startup,6,0.18957155925667046,0.09913049735458786,0.3262939528412033
68,startup,8,0.19663716900690253,0.08732364141782949,0.40118342242519395
69,startup,1,0.17598200572507855,0.05513471826679952,0.40056520368704285
69,startup,2,0.17929437428553924,0.06797541067000537,0.36215598262515636
69,startup,4,0.18606488111223005,0.09216522932948944,0.31862792691663816
69,startup,6,0.19303092222201335,0.09861515292091663,0.30223628567909583
69,startup,8,0.2001936175925409,0.09578609141671143,0.34853040791827217
70,midsize,1,0.04240413613773951,0.014992940607942436,0.08839647309199704
70,midsize,2,0.04333449674665892,0.017589965606306532,0.08163486938219995
70,midsize,4,0.04525398889481848,0.019787372214147014,0.07964063633928278
70,midsize,6,0.047254304813408934,0.01935756640466763,0.09660798309732552
70,midsize,8,0.049338469477886816,0.015919971301735638,0.11754582176346152
71,startup,1,0.2163262691958661,0.05912999873962511,0.5330311511728836
71,startup,2,0.22019508637893986,0.06921636464017432,0.49228709239287455
71,startup,4,0.22808085743954018,0.09830806141148987,0.4407319566396174
71,startup,6,0.23616351106676417,0.12410186752683432,0.39947538542539296
71,startup,8,0.24444189182129553,0.11272041690491424,0.4419251525746186
72,midsize,1,0.12421333926366318,0.04654763000155738,0.22812371481324678
72,midsize,2,0.1267011315385467,0.054869619442424584,0.22259789783537345
72,midsize,4,0.13180456809155702,0.06502026657219985,0.22581414681600762
72,midsize,6,0.1370813005196486,0.05491869439823585,0.2621352428112462
72,midsize,8,0.14253460252093883,0.04001608170830223,0.3343032968267284
73,enterprise,1,0.5040699019815984,0.23729945286048548,0.7598417212538247
73,enterprise,2,0.5097375436372307,0.2874135754880602,0.7278342961412543
73,enterprise,4,0.5210638669664704,0.36707120746546185,0.6793152364989512
73,enterprise,6,0.5323685756625942,0.39397406174270244,0.6629052955573693
73,enterprise,8,0.5436401497816202,0.3819724627849199,0.7168084937335137
74,startup,1,0.05331598731278297,0.01867932065441883,0.10701751200333123
74,startup,2,0.054472138865008395,0.01979809085856342,0.10296053376779005
74,startup,4,0.05685565076944939,0.020461154205767638,0.09644707748844787
74,startup,6,0.0593369118717547,0.020901061444967287,0.12011847642379332
74,startup,8,0.06191934954168915,0.01852719223963172,0.1591731316440509
75,startup,1,0.06891664852581608,0.02434164014986649,0.1434652158641475
75,startup,2,0.07038594626427123,0.031381085509791885,0.13123257557340692
75,startup,4,0.07341172720488419,0.03596173275233072,0.12080551127297695
75,startup,6,0.07655686970278062,0.034964316097186206,0.13726883438833093
75,startup,8,0.07982514970532355,0.030133162211841195,0.1804328421008803
76,startup,1,0.2896958576912093,0.10201985757681262,0.5920860909178735
76,startup,2,0.29438392385590756,0.12287260503204966,0.5500225695127586
76,startup,4,0.30389119644349977,0.17197985683729736,0.4786633209196014
76,startup,6,0.31356906449656263,0.1939828691949343,0.4660146330894673
76,startup,8,0.3234119462027209,0.1788077455325384,0.4941070538297755
77,startup,1,0.27635201842113866,0.1017697302436889,0.5504465731226964
77,startup,2,0.28090954432434123,0.1277893180250176,0.5134718836601462
77,startup,4,0.2901606006726201,0.1620019343426787,0.4706656439884688
77,startup,6,0.2995893890512524,0.15475712190585036,0.5115616443199922
77,startup,8,0.3091911098929568,0.12951459251624683,0.5670272891738273
78,midsize,1,0.25520290332029555,0.09416053050293899,0.4940863902036638
78,midsize,2,0.2595367356834796,0.10980977057991977,0.4533436487476028
78,midsize,4,0.26834659485555495,0.15042540864002074,0.41013585828545235
78,midsize,6,0.27734349161871097,0.14748982975987357,0.42732318920646994
78,midsize,8,0.2865239028742197,0.1238590805971958,0.5004102256173659
79,midsize,1,0.17245503192099712,0.050060828263398374,0.37604224172791356
79,midsize,2,0.1757151712251611,0.062376684680781426,0.3806359591335242
79,midsize,4,0.18238055563268868,0.07592495201789419,0.36731345412625616
79,midsize,6,0.18924073051675505,0.06914596382910264,0.3871716400714459
79,midsize,8,0.1962969964062696,0.06569708545345145,0.43464055103506033
80,enterprise,1,0.2081099036881762,0.08668617063440108,0.3313626585335962
80,enterprise,2,0.2118715049576069,0.10923158179200823,0.30237572106843347
80,enterprise,4,0.21954310937916435,0.14615912857843394,0.2769911239447015
80,enterprise,6,0.22741234062355054,0.14145506743402325,0.3165079723486746
80,enterprise,8,0.23547853055602128,0.10346772155789942,0.43228983627763234
81,midsize,1,0.20581504942412604,0.06227249228241792,0.4430158755427161
81,midsize,2,0.20954614718632741,0.07571022787429359,0.39825070345417024
81,midsize,4,0.21715675284655897,0.10408197393549508,0.3659334894027918
81,midsize,6,0.22496510382381904,0.11310108562677132,0.36516379242689584
81,midsize,8,0.23297066645161638,0.11252321501759784,0.4110166001346911
82,midsize,1,0.09863086523327899,0.03461185316939119,0.1751574703053354
82,midsize,2,0.10066517570117467,0.043699993265539715,0.1618270065626241
82,midsize,4,0.10484580669850835,0.061389855422457174,0.14617700940063785
82,midsize,6,0.10917898191764953,0.06006780130540613,0.17219098466105445
82,midsize,8,0.11366850235972176,0.04849612007952535,0.22061407039542885
83,enterprise,1,0.05508521940551115,0.01782562322856261,0.10354392632015873
83,enterprise,2,0.05627745585105804,0.02078926525304987,0.10340415351629392
83,enterprise,4,0.05873505512859639,0.02186821116524035,0.1129446399532011
83,enterprise,6,0.061293005796219484,0.018673401446387926,0.1356165985822793
83,enterprise,8,0.0639547877469592,0.013757018571553956,0.18976234730449398
84,startup,1,0.04257815376641498,0.013196284123830296,0.0892927028001744
84,startup,2,0.04351215889288395,0.01479352392735847,0.0854947310253723
84,startup,4,0.04543914676605836,0.017998918387912406,0.08745263551336145
84,startup,6,0.047447240298445645,0.017183942572249058,0.11789282320082187
84,startup,8,0.049539471974634236,0.015045122578760882,0.159325427057622
85,startup,1,0.1605297502587125,0.05736370202985954,0.3538576248745233
85,startup,2,0.1636090208228842,0.0731058322060608,0.31181191277200665
85,startup,4,0.16990984323798541,0.09650040556294238,0.26265039760758874
85,startup,6,0.17640214171361063,0.10800731709281305,0.258661041034624
85,startup,8,0.18308779679650772,0.08964850796897128,0.3277370324108697
86,startup,1,0.2258258888043796,0.08575664961499839,0.42965101608725187
86,startup,2,0.22981477724371446,0.09819676119666802,0.40569173057047125
86,startup,4,0.2379399365219626,0.12328502030388348,0.38495279276241007
86,startup,6,0.24626051152905923,0.11315191176711933,0.40859586654278934
86,startup,8,0.25477477439768675,0.10091328800070153,0.4669180912384505
87,enterprise,1,0.09955383269087052,0.03177864204894522,0.17651761918663716
87,enterprise,2,0.10160503395034196,0.03835193724388419,0.16814901198978394
87,enterprise,4,0.10582010458066941,0.04390194090744543,0.1784583453341923
87,enterprise,6,0.11018858996261746,0.04178926779039344,0.20796184635730047
87,enterprise,8,0.11471428008867385,0.03313193026873822,0.29326098041162346
88,midsize,1,0.12310821886587874,0.03988682786477816,0.30402098381172266
88,midsize,2,0.12557705107805078,0.04720905302370477,0.2828850729127465
88,midsize,4,0.13064198371169639,0.057348966418258554,0.2656346256545196
88,midsize,6,0.13587945706093205,0.05449246516730691,0.2644896577609631
88,midsize,8,0.1412927764206962,0.049549257868489405,0.30366209836128105
89,startup,1,0.07543894998457562,0.02682074049119721,0.15170045290002757
89,startup,2,0.07703579759317356,0.033748691509173964,0.1375380061126019
89,startup,4,0.08032274503095138,0.03962383373398444,0.13512678541926562
89,startup,6,0.0837372151745534,0.03899517687129701,0.15822398698133916
89,startup,8,0.08728305698056277,0.03445739079592417,0.2072237542760882
90,midsize,1,0.09296593037056648,0.03294266034870974,0.16564623877534046
90,midsize,2,0.09489569982759469,0.04197695289992326,0.15507049401236125
90,midsize,4,0.09886306388053409,0.05728802636297899,0.1378037896063371
90,midsize,6,0.10297742274834136,0.05388033014843192,0.16425844851570165
90,midsize,8,0.10724263052370189,0.04376214210249975,0.21225249584842396
91,startup,1,0.04142734712693082,0.01316142396908655,0.08477206057666448
91,startup,2,0.04233722417602065,0.014612554031768053,0.0817223169668326
91,startup,4,0.04421458395742562,0.01686982863290724,0.0825936516990196
91,startup,6,0.04617117794335048,0.01650631940180174,0.10544564384534538
91,startup,8,0.048209988283613184,0.012373029655856276,0.13511475770889672
92,midsize,1,0.19104532412629904,0.08536504683901283,0.342929089634599
92,midsize,2,0.194574269151175,0.10009756033854915,0.30631175948058337
92,midsize,4,0.20177991296312978,0.11530733792950656,0.2773690636114466
92,midsize,6,0.20918309798023832,0.10699316390016063,0.32455755672402337
92,midsize,8,0.21678413411425315,0.08692682020920522,0.4254225924654798
93,midsize,1,0.07715110594648453,0.028985656130648456,0.14049146409709803
93,midsize,2,0.07878110732720377,0.03482183300448169,0.13102038674315608
93,midsize,4,0.08213589621991982,0.043590230720431715,0.11665307012750085
93,midsize,6,0.08562026666941278,0.04251311937310762,0.1438029336962213
93,midsize,8,0.0892380801279449,0.03300528390119328,0.18808184608506862
94,midsize,1,0.14426007101000554,0.04483645518323438,0.3320642976243831
94,midsize,2,0.14708193731417696,0.057859224153612686,0.2900248948407432
94,midsize,4,0.15286260395559484,0.08309791228843721,0.240633978651037
94,midsize,6,0.1588281569797067,0.09539029236917758,0.24249648682160832
94,midsize,8,0.1649811793025514,0.0805362572750785,0.2906669250351961
95,startup,1,0.3388320561004679,0.11178616033999823,0.6391791974377693
95,startup,2,0.3439302632360965,0.14442037990846682,0.602122456364224
95,startup,4,0.3542343629649558,0.20549072867229035,0.55203063055671
95,startup,6,0.3646755763002007,0.23205102743533182,0.5313012768699921
95,startup,8,0.3752457141705912,0.2258017219712064,0.567616762405086
96,midsize,1,0.15401254254165242,0.059180461729838305,0.2914943134847445
96,midsize,2,0.1569901792159872,0.06931105875577218,0.2749034931036142
96,midsize,4,0.16308580293565014,0.08228452042584192,0.25218142946164845
96,midsize,6,0.16937055585059,0.07576601141451876,0.2880676416244891
96,midsize,8,0.17584661326574633,0.06615819251050223,0.3539324949189394
97,midsize,1,0.13279714846215496,0.048017814081079135,0.2784478738421336
97,midsize,2,0.13543027514094497,0.05890004270661491,0.23423396313677025
97,midsize,4,0.14082861589456436,0.0795725409394496,0.20813157184440642
97,midsize,6,0.14640569940476286,0.08287621045972086,0.23268285386602314
97,midsize,8,0.15216452989556964,0.06765606208241903,0.29660664545194343
98,startup,1,0.12864165917273787,0.04838121384375092,0.2714082267935751
98,startup,2,0.1312048562416799,0.06035058121470932,0.24569147140234912
98,startup,4,0.13646135321236175,0.0786326654635567,0.20300128736143105
98,startup,6,0.14189404813900458,0.08072140063821387,0.2160203442969247
98,startup,8,0.14750608091540046,0.06812152919388101,0.26901115762232947
99,startup,1,0.09559678145337325,0.03556611687725104,0.1755667058584371
99,startup,2,0.09757528681301991,0.04235466135624989,0.16118606045140446
99,startup,4,0.10164209752643168,0.05098947696796447,0.14598677149331926
99,startup,6,0.1058585245601969,0.05094246463162603,0.1785703116141306
99,startup,8,0.11022840048417774,0.04501000971714461,0.2409346912967763
100,enterprise,1,0.11399250020175357,0.04803205772824101,0.19179659736913443
100,enterprise,2,0.11630277027805255,0.056496214434022855,0.17406821701046374
100,enterprise,4,0.12104542187773355,0.062048864214713235,0.17873735554404
100,enterprise,6,0.1259539064972661,0.05330955950019871,0.2155951611977662
100,enterprise,8,0.13103176125834193,0.040620095594413735,0.2917945465851505
101,enterprise,1,0.1338061824515089,0.05679532884870973,0.21439621464422154
101,enterprise,2,0.13645616825236473,0.06656746354234855,0.19871112338305463
101,enterprise,4,0.1418886906763202,0.07916769674184815,0.19658418804220718
101,enterprise,6,0.14750054798276052,0.06903537797668047,0.24623766487386872
101,enterprise,8,0.15329471002729128,0.050017943457781586,0.32696380826082105
102,midsize,1,0.05915358942490042,0.020925530491379823,0.11863230144098617
102,midsize,2,0.06042824847561641,0.025433170903507326,0.11110328225186875
102,midsize,4,0.06305499904269998,0.032199162223497564,0.10151225408720309
102,midsize,6,0.0657879366969837,0.03167704924900236,0.11698849206023472
102,midsize,8,0.06863064918959602,0.024290214919449393,0.14968369649332883
103,startup,1,0.03688531942122117,0.012052526677870918,0.07222482364071882
103,startup,2,0.03769936233958097,0.01415660415350579,0.06736278276707307
103,startup,4,0.03937952208321724,0.016348943543612562,0.07442927917991836
103,startup,6,0.041131361466971036,0.014937061798763246,0.09675259563543034
103,startup,8,0.04295764823280154,0.01370358767073444,0.1308142305753424
105,enterprise,1,0.1983367552621681,0.06831437624208102,0.4258103040101067
105,enterprise,2,0.20196675977982023,0.08552716492106698,0.3866200538650267
105,enterprise,4,0.20937500193461564,0.11605869572378226,0.33539144171624236
105,enterprise,6,0.21698109796741843,0.1295324733614971,0.32518594836014586
105,enterprise,8,0.22478494647323063,0.12194071959314026,0.380889965100599
106,enterprise,1,0.06508304107999717,0.022942305402732444,0.14027257949002206
106,enterprise,2,0.06647644202261842,0.026269900784255364,0.124545845751663
106,enterprise,4,0.06934669661273248,0.030068715646759288,0.11970192800279775
106,enterprise,6,0.07233127796902178,0.029388876580837782,0.15022757374461881
106,enterprise,8,0.07543389972956976,0.022351631414851473,0.19639277542251513
107,midsize,1,0.3168353261781538,0.14647093879901363,0.519417900675136
107,midsize,2,0.32176363202461467,0.1805440162921317,0.48009118009662755
107,midsize,4,0.3317394272132669,0.2222117754053136,0.41873022907757357
107,midsize,6,0.341868610399929,0.2388391882725565,0.45118961040225464
107,midsize,8,0.35214409652677336,0.18402769579779352,0.545546211400336
108,startup,1,0.21952773574529807,0.0830022805648902,0.4249533151834376
108,startup,2,0.22343748406743746,0.10503775491366805,0.38705815131066007
108,startup,4,0.23140491605376926,0.11575796710216112,0.36638790994637693
108,startup,6,0.23956880773746236,0.11776443842156653,0.40513068076119235
108,startup,8,0.2479278116834692,0.0993756548687647,0.450597104391716
109,startup,1,0.12891118008767247,0.04318505480643425,0.26906436805808825
109,startup,2,0.13147893707408434,0.053500530687272174,0.2422360572773179
109,startup,4,0.1367446863255696,0.07425676122319946,0.20082087188923609
109,startup,6,0.14218680379991552,0.07994738833804386,0.20467180601565538
109,startup,8,0.14780842088321927,0.06842017283187633,0.27641725502916137
111,midsize,1,0.08102484051369885,0.023506253856128305,0.17527981281958493
111,midsize,2,0.08272934702303959,0.02551248042651309,0.16731340075198745
111,midsize,4,0.08623652753841914,0.03186964302472696,0.1665211742801135
111,midsize,6,0.08987782106015074,0.02907473186714131,0.20523734117067824
111,midsize,8,0.09365710740690601,0.02648821859069061,0.25630733643974085
112,startup,1,0.06695627053791678,0.023386659845274552,0.1298519631784858
112,startup,2,0.06838684296151093,0.024847878453422765,0.12003571918145857
112,startup,4,0.07133328001568848,0.03057917728843328,0.11769901832787619
112,startup,6,0.07439652619054357,0.02798626882243688,0.14166274283084843
112,startup,8,0.07758032740508786,0.024878433290051204,0.18801229928215618
113,startup,1,0.11294848128436695,0.040243813023080756,0.2463578970745591
113,startup,2,0.11524034446106125,0.050499560850139784,0.21152960259282932
113,startup,4,0.11994555238621432,0.06641673703536273,0.18108911670317188
113,startup,6,0.1248157699473224,0.06543056060571806,0.19768459716601625
113,startup,8,0.12985455740873944,0.058049295355352776,0.2627734756489426
114,midsize,1,0.3838095750401785,0.12827454108450884,0.7099939706049465
114,midsize,2,0.389186174006521,0.1604048266962747,0.662967815324035
114,midsize,4,0.4000194376896305,0.22696400764716762,0.6302096961136847
114,midsize,6,0.4109513710217919,0.2715797372972545,0.6043245141996071
114,midsize,8,0.4219719416926761,0.24860525044574158,0.6253321746084454
115,startup,1,0.028568665206675968,0.008715852698197527,0.0639171020254211
115,startup,2,0.029204728863981743,0.010095232647046455,0.06377298759114643
115,startup,4,0.03051831186309916,0.01034296639182203,0.07234045287087858
115,startup,6,0.031889036992881835,0.009660770674815083,0.07940672430328186
115,startup,8,0.033319212123082566,0.008331315814572028,0.10962943071790451
116,enterprise,1,0.27068315097646933,0.11824439548027628,0.44764837925394074
116,enterprise,2,0.27518273878068705,0.14677486478923582,0.40425729245596836
116,enterprise,4,0.2843197664741841,0.1938513397291621,0.3530827998330575
116,enterprise,6,0.29363726988052796,0.19497475140542242,0.3903187025969721
116,enterprise,8,0.303130788032289,0.15583915733123035,0.4984544166332586
117,enterprise,1,0.5222949549678831,0.2554753070425736,0.78713813231245
117,enterprise,2,0.5279493662729179,0.31003343315018717,0.758893085968471
117,enterprise,4,0.539235267197998,0.3824782471077399,0.7033724029215773
117,enterprise,6,0.5504810836374274,0.42412186356741083,0.6821254646128577
117,enterprise,8,0.56167553568818,0.3962463836521536,0.7253418677049782
118,enterprise,1,0.1316221799472149,0.045554366778433227,0.23972665964453416
118,enterprise,2,0.13423561538454268,0.0549057083611559,0.22717376280100782
118,enterprise,4,0.13959402495354276,0.0681350700429364,0.231831625979765
118,enterprise,6,0.14513047511524432,0.06156067115503212,0.2613779678127242
118,enterprise,8,0.1508480094200209,0.04754473952927657,0.34809249368480194
119,midsize,1,0.26415884344815527,0.10327410402561552,0.5123388613016776
119,midsize,2,0.2685899182052768,0.12630570398859983,0.4786725944769616
119,midsize,4,0.27759187775643757,0.14779037593672684,0.4526268041425792
119,midsize,6,0.28677724814544125,0.14777573349668935,0.46965950479049434
119,midsize,8,0.296141961699166,0.12395384128141217,0.5152157146695937
120,midsize,1,0.11664831867209297,0.04070921345158544,0.26928512793851966
120,midsize,2,0.11900518426570598,0.04858512238180778,0.25358194758940544
120,midsize,4,0.12384259259587455,0.056752692555352945,0.23461752679457104
120,midsize,6,0.12884787705820297,0.057983137851412195,0.2506763688895447
120,midsize,8,0.13402451267654536,0.04481772344152102,0.2828197950451291
121,midsize,1,0.10640420955565966,0.03714565102584227,0.19653235681236014
121,midsize,2,0.10857953575271648,0.04739906759220157,0.17375001110427443
121,midsize,4,0.11304753463337744,0.06361144726384253,0.15872466524817047
121,midsize,6,0.11767511906975446,0.06744991909860552,0.18066578624352814
121,midsize,8,0.12246597752265424,0.05454311207399868,0.23415152644900558
122,midsize,1,0.08338674376527647,0.03450360812155229,0.1395336007692211
122,midsize,2,0.08513633411712426,0.040116280906137135,0.14166777994914015
122,midsize,4,0.0887356837923756,0.0392612340196819,0.15004334888904552
122,midsize,6,0.09247182384518103,0.03208150349211288,0.17847800008124268
122,midsize,8,0.09634863869720944,0.02662217019657322,0.2467215094600747
123,startup,1,0.014411994432512341,0.0032432245088570852,0.03335311320041696
123,startup,2,0.01473765033424803,0.003476244591562376,0.03408346767783302
123,startup,4,0.015410856400912035,0.003623254248343322,0.04245099780729035
123,startup,6,0.016114311119728983,0.003591827791413812,0.05434039584721542
123,startup,8,0.016849326717396224,0.0027727231616967636,0.0705049657360207
124,midsize,1,0.45053984180986223,0.18385884791297827,0.7252417678460885
124,midsize,2,0.45615921604338744,0.22466951272290323,0.704347556260393
124,midsize,4,0.46743009548560466,0.2722978462821585,0.6792162064868837
124,midsize,6,0.47873431384818954,0.30828240536559226,0.6626569650046705
124,midsize,8,0.49006035319350294,0.2948297852792777,0.7025163037662089
125,startup,1,0.050141086653631706,0.016424024348738454,0.10126089248703005
125,startup,2,0.05123211666483058,0.019629530191760714,0.09776580454245097
125,startup,4,0.05348187548796949,0.021614095077407924,0.08977876026664348
125,startup,6,0.05582461516296813,0.023011180393970133,0.10910750941331454
125,startup,8,0.05826366007420392,0.01856329338334981,0.1503640352323583
126,midsize,1,0.052231516701112576,0.016953445723711075,0.11464133034731586
126,midsize,2,0.053365477277508004,0.01972223644158115,0.10526982354374796
126,midsize,4,0.05570341826851848,0.023723562285031165,0.10151353887727571
126,midsize,6,0.058137493994685,0.022680860577850615,0.12291917481131048
126,midsize,8,0.060671097918365405,0.019996324442696785,0.1554730946951786
127,startup,1,0.04485336165682063,0.015413624611141343,0.08351371399012511
127,startup,2,0.04583488698658488,0.018134084081429254,0.07896203275940275
127,startup,4,0.047859592619886905,0.019217654432649743,0.07870294168319106
127,startup,6,0.04996905351974705,0.01955248552016286,0.09704260462795547
127,startup,8,0.052166397027053286,0.015224038822101575,0.13147649587550495
128,startup,1,0.04801582544016107,0.014429659267770711,0.10345789503145657
128,startup,2,0.04906300010186855,0.01505377938095007,0.09868717019995167
128,startup,4,0.051222648938348624,0.015290621867675594,0.10552348542745077
128,startup,6,0.053472015436497454,0.01456851867844292,0.14672367647293846
128,startup,8,0.05581434866728263,0.013043407791151236,0.17904627615401905
129,startup,1,0.09375188542584593,0.03165910503064578,0.18448301255211175
129,startup,2,0.09569624831496672,0.03813803004602245,0.165751856238902
129,startup,4,0.09969339492888968,0.049943746509140144,0.1463099359412185
129,startup,6,0.10383832760911792,0.0507924577448881,0.1684878198370804
129,startup,8,0.10813489459603727,0.04547333377336824,0.21709278015596278
130,midsize,1,0.04585962406980123,0.014654448886363915,0.09384414552982054
130,midsize,2,0.04686208906023027,0.01693788312576615,0.08869890633484243
130,midsize,4,0.048929843344549494,0.01997852547013975,0.08829943475947521
130,midsize,6,0.05108394576938911,0.020093017512418637,0.11939718047590826
130,midsize,8,0.05332756367534117,0.016726383258159026,0.16453651343148837
131,startup,1,0.257231390105591,0.11393369856442592,0.417616218086125
131,startup,2,0.26158757137082395,0.13685882756712384,0.3928622724362752
131,startup,4,0.27044161966105684,0.1846979454752426,0.3574547349934805
131,startup,6,0.2794819258044573,0.18307224988000853,0.38750703115259005
131,startup,8,0.28870484298653143,0.13930662257772083,0.48305344476361245
132,enterprise,1,0.23850564649140527,0.09546789144103701,0.4314161077520536
132,enterprise,2,0.24264830606787344,0.1092814873121668,0.40179494681883954
132,enterprise,4,0.25107928179461186,0.12959531457603896,0.3734337487542789
132,enterprise,6,0.2597027456292423,0.1279154364136362,0.390184081505076
132,enterprise,8,0.26851619645133384,0.11808417518671632,0.48718315511599347
133,midsize,1,0.06919958689306534,0.02024455847347178,0.15053588932621123
133,midsize,2,0.07067445897638003,0.02294016901335958,0.1381324227294253
133,midsize,4,0.07371165917914917,0.03254286271041486,0.12870278335445035
133,midsize,6,0.07686858550877672,0.03393879908420434,0.14287675471831518
133,midsize,8,0.08014901793289111,0.028537002012221008,0.1939575016385806
135,midsize,1,0.28442595336900783,0.09150638963650695,0.5723615898477334
135,midsize,2,0.2890634440372953,0.10938442421771362,0.5443101630988119
135,midsize,4,0.2984715711796802,0.1526986624265921,0.5032378005623315
135,midsize,6,0.30805322315625666,0.15963121160202096,0.5121880769558109
135,midsize,8,0.31780312432100566,0.134556977329329,0.5652977055568392
136,startup,1,0.06921623711581895,0.022129079468694454,0.13948957449652352
136,startup,2,0.07069143711906473,0.02394621523904788,0.13001010344493893
136,startup,4,0.07372930906320557,0.03022513097221171,0.13002237354328308
136,startup,6,0.07688692855826817,0.028855116762582574,0.15857727860586593
136,startup,8,0.08016807580601312,0.023895880102844342,0.21422292997589878
137,enterprise,1,0.22406103122422114,0.10008363660745538,0.3645438606649338
137,enterprise,2,0.22802792799987096,0.12454406327821071,0.3303941141047606
137,enterprise,4,0.23610927965606748,0.1486675028048644,0.29578795668091684
137,enterprise,6,0.24438636762366764,0.15512577324871032,0.3310656035302326
137,enterprise,8,0.2528575709611268,0.11658780330337268,0.4501836448036214
138,midsize,1,0.2738164941704814,0.10414618919885595,0.515539336640733
138,midsize,2,0.27834828891674146,0.11762639219317383,0.49345422921044513
138,midsize,4,0.28754872586504016,0.1539968593044311,0.45842092390210726
138,midsize,6,0.2969281438689314,0.14840636182736372,0.47722760143311105
138,midsize,8,0.30648189440777696,0.12605598058033698,0.5296228944395389
139,enterprise,1,0.43410450080522645,0.19736372858176426,0.6972535537806747
139,enterprise,2,0.439682919790067,0.2274657190925913,0.6552377036822387
139,enterprise,4,0.4508842152541195,0.2949525606103697,0.5975270918516866
139,enterprise,6,0.4621355133666718,0.33411128229706216,0.5942802284404255
139,enterprise,8,0.47342551196126337,0.30083926553295076,0.6540884813034497
140,startup,1,0.03612859228773087,0.012579455982676657,0.07606847539193237
140,startup,2,0.03692657488377476,0.014499363472987659,0.07090680677515762
140,startup,4,0.03857367412253618,0.015557015799912916,0.07133417642562345
140,startup,6,0.040291168122911815,0.015441959293501851,0.0860474782802686
140,startup,8,0.04208178642655647,0.012956529935404693,0.10489465453361511
141,midsize,1,0.0518570341188435,0.017529397731657397,0.10738878456495769
141,midsize,2,0.052983319075451535,0.019227223983015174,0.09551892557069383
141,midsize,4,0.05530549586255068,0.02395053901539634,0.09688323797197243
141,midsize,6,0.057723246450002215,0.02472011040234601,0.1101539233015401
141,midsize,8,0.06023995228669863,0.02142423820450149,0.1407079717630429
142,midsize,1,0.2788469100441635,0.08694030603615224,0.5492536199422435
142,midsize,2,0.28342946584881473,0.10348269989676949,0.5044862165408122
142,midsize,4,0.29272972677591014,0.12972050769139096,0.49898185882054946
142,midsize,6,0.30220645670128465,0.12879442869669494,0.49416002092209343
142,midsize,8,0.3118547081149722,0.11357997251953607,0.5489311829274671
143,enterprise,1,0.3526941466982641,0.1603457935343807,0.5885089049635562
143,enterprise,2,0.3578880277565478,0.19794151236729748,0.5378843836560903
143,enterprise,4,0.3683755010316202,0.26233108778603337,0.4712653457285511
143,enterprise,6,0.37898890822441705,0.2804580964903512,0.480253873045722
143,enterprise,8,0.3897194283666848,0.21364545544703242,0.57395250985866
144,midsize,1,0.2004289448115852,0.08332172693709398,0.34626883637155165
144,midsize,2,0.2040874927476918,0.09471232793134361,0.3228391740303398
144,midsize,4,0.211552902999323,0.10788637170266392,0.29910979813976024
144,midsize,6,0.21921618000229884,0.11614122193687196,0.33422193330223343
144,midsize,8,0.22707710239863063,0.09241822947874619,0.43696716907422606
145,midsize,1,0.12076979152577254,0.041701908713981474,0.2523761437857078
145,midsize,2,0.12319831704593533,0.04527051634678811,0.24668056961424478
145,midsize,4,0.12818137168927426,0.0550708744497212,0.23168957134687615
145,midsize,6,0.13333532806648768,0.044199073103334256,0.27726940263795563
145,midsize,8,0.13866355590034274,0.0394546307801063,0.34857461443580334
146,startup,1,0.06463527399728998,0.023971890135707916,0.13216096777134076
146,startup,2,0.06601976538963972,0.02824161658089441,0.11383850541866865
146,startup,4,0.06887175675717316,0.037381009332215456,0.1073724680904172
146,startup,6,0.07183747521719576,0.03544442531586988,0.1261091761992527
146,startup,8,0.07492062616652638,0.02877332227263169,0.17354235260942158
147,startup,1,0.1783030231624229,0.06780333392209119,0.35271886403024183
147,startup,2,0.18164944793685608,0.07854840051060148,0.32093269019827414
147,startup,4,0.18848846222617877,0.09105698966940909,0.29743413506096184
147,startup,6,0.19552344266882393,0.08954388112698101,0.33802539104463036
147,startup,8,0.20275538839249013,0.07566034402660747,0.4106890961560006
148,midsize,1,0.10472976610957394,0.03714999287965211,0.1964304497237267
148,midsize,2,0.1068749542251673,0.048153727524162915,0.18220956696262164
148,midsize,4,0.1112815667029596,0.06485471944032938,0.15538010087633872
148,midsize,6,0.11584630336574638,0.06448405156608207,0.1718660944283237
148,midsize,8,0.12057288065754702,0.05108768566877009,0.23350998885737334
149,midsize,1,0.26072585751675403,0.1199417101199204,0.4246485140991941
149,midsize,2,0.2651200943197638,0.14807345863319346,0.40006099916813415
149,midsize,4,0.2740493340619546,0.17926412619941298,0.36537965416704205
149,midsize,6,0.2831634307951223,0.16905672638264593,0.4003757390572434
149,midsize,8,0.29245852505340564,0.13278798764981894,0.4871607481732731
150,startup,1,0.12733325683656496,0.0489524125470206,0.26660866724367666
150,startup,2,0.129874269555478,0.05957699153835257,0.23954879243220292
150,startup,4,0.1350857474707336,0.0776146970175295,0.2012918737291008
150,startup,6,0.14047258643396007,0.0779243954398443,0.21404412456258018
150,startup,8,0.1460379670532442,0.06686471439164256,0.2617997866445852
151,enterprise,1,0.16468792859868772,0.06762257009173345,0.2654398305552024
151,enterprise,2,0.1678310146635357,0.07641443621262926,0.2477898668829371
151,enterprise,4,0.17426055582235156,0.09443061122863111,0.24016494430320903
151,enterprise,6,0.18088287079287926,0.09444486483923202,0.2819038989463636
151,enterprise,8,0.18769964353776022,0.06747883410479581,0.3779955306295877
152,enterprise,1,0.18713052507782676,0.06070026334420147,0.413971060367809
152,enterprise,2,0.19060419513883856,0.07218523303084,0.37303768884404775
152,enterprise,4,0.1976989038726196,0.10517121489376065,0.32980180766476946
152,enterprise,6,0.20499081118532797,0.11480411058046958,0.33301625392646933
152,enterprise,8,0.21248044305365063,0.10368785739123604,0.3774362800180242
153,startup,1,0.30073452372669895,0.08884457853315098,0.615787231857984
153,startup,2,0.3055243886485635,0.11143221439675227,0.5765857023865419
153,startup,4,0.31523071492205446,0.14917174137162334,0.5378940788264178
153,startup,6,0.3251010525324347,0.18834124810082922,0.49349138369870704
153,startup,8,0.3351291921211364,0.1881803585950258,0.5205625338440364
154,midsize,1,0.0598818323891388,0.018503804298035716,0.12462180496652005
154,midsize,2,0.061171163559779876,0.019763151870651217,0.12363100553971523
154,midsize,4,0.06382801402971784,0.02143770368022265,0.1337592181542681
154,midsize,6,0.0665920745376452,0.018115578747523547,0.1654586457340159
154,midsize,8,0.06946695027215043,0.01719074021860579,0.20750771074073007
155,startup,1,0.1250895918194915,0.04130203704413649,0.28263347705212066
155,startup,2,0.12759237718738134,0.05104047539482052,0.2470942150872762
155,startup,4,0.13272625652664335,0.06665778790208166,0.22157960508276944
155,startup,6,0.1380340216951301,0.07196624894997375,0.2407208477561198
155,startup,8,0.1435189208216217,0.0616157256540409,0.3024947236230223
156,midsize,1,0.15406652750855188,0.0613082193760011,0.24695662379885588
156,midsize,2,0.1570450141604665,0.07338611008313609,0.22855898365670582
156,midsize,4,0.16314235497661064,0.08948450699284013,0.2217265064381717
156,midsize,6,0.1694288460170815,0.0862074160933888,0.2756725612617915
156,midsize,8,0.17590666021558407,0.06125960491698897,0.36139220883762385
158,midsize,1,0.29331079774523106,0.12025397393131629,0.5427707256134847
158,midsize,2,0.29803281793992353,0.134802451736003,0.5431167867784323
158,midsize,4,0.30760656089834426,0.1827436693188065,0.49200265995142944
158,midsize,6,0.3173488088035863,0.17354244608372477,0.503961635133288
158,midsize,8,0.3272537721732406,0.13684519972034945,0.5705412115370929
159,enterprise,1,0.2627494954323711,0.10103142913026662,0.45353307308617075
159,enterprise,2,0.2671655127723924,0.12174759631299639,0.42699600122395437
159,enterprise,4,0.27613775625982023,0.1508940675700937,0.38682807919321444
159,enterprise,6,0.28529401258574394,0.148886061502803,0.4189874878247333
159,enterprise,8,0.2946302994596281,0.13920920542636242,0.49884288754348743
160,enterprise,1,0.36664208116859104,0.15240226920599997,0.6140810572960248
160,enterprise,2,0.3719233459333339,0.17777595496276458,0.5983659772544593
160,enterprise,4,0.3825770574677036,0.24380857193285385,0.5302140511344473
160,enterprise,6,0.3933448222779515,0.2607199668316078,0.5233216224483077
160,enterprise,8,0.4042172392621541,0.2138349564832914,0.5833062690597264
161,startup,1,0.16792228863463793,0.05861344028308705,0.3318576670645487
161,startup,2,0.17111445773589515,0.07463456324460506,0.3027677946328969
161,startup,4,0.1776429345107763,0.09851576267354,0.2505620708116524
161,startup,6,0.1843650887813783,0.10934473008404197,0.26606089973477415
161,startup,8,0.19128244731441277,0.0986143019233517,0.341580902690909
162,enterprise,1,0.42003224642685666,0.18171824674788445,0.683282214797
162,enterprise,2,0.42556582250005665,0.2186413593238605,0.6527652077581935
162,enterprise,4,0.43668776527164155,0.2747244412942628,0.5854835532666419
162,enterprise,6,0.4478737481780864,0.311156553768108,0.5872144828279086
162,enterprise,8,0.45911273326487423,0.27210348785013366,0.6405693030197428
163,startup,1,0.027577874479455526,0.006270262327369378,0.06688893778245045
163,startup,2,0.02819251899219445,0.006605734394333837,0.06988054954273268
163,startup,4,0.02946195605971635,0.006614214906447951,0.07899880841834601
163,startup,6,0.030786741827437878,0.006682797479339555,0.10139298991823772
163,startup,8,0.03216912339071711,0.005912999206908117,0.13104261842857778
164,startup,1,0.18043519658460205,0.043146300271698516,0.4546290558253892
164,startup,2,0.1838126866269095,0.05255216658874471,0.4023737032913522
164,startup,4,0.190714165320793,0.07506944751392584,0.37791039658511294
164,startup,6,0.19781196699895265,0.08567815269731542,0.35640702372077926
164,startup,8,0.20510697841380757,0.0868134039331744,0.37982127458275006
165,midsize,1,0.20377382615370748,0.07168767849738426,0.4473067764858182
165,midsize,2,0.20747758697604168,0.08687724357961751,0.4082372364928745
165,midsize,4,0.2150335015683869,0.11993304465983773,0.361434705004663
165,midsize,6,0.22278723350892077,0.1294960199545854,0.3600779552928531
165,midsize,8,0.23073836805535955,0.11100933145673376,0.41196233592248915
166,midsize,1,0.17110263460211925,0.04836630082313804,0.3704763674468047
166,midsize,2,0.17434259392587564,0.06334753146185865,0.3256971386361383
166,midsize,4,0.1809673432830487,0.08525937810078842,0.294587094371336
166,midsize,6,0.1877865696488999,0.09823899346004394,0.29344508558026583
166,midsize,8,0.19480164175419495,0.09349308902522983,0.34828355239178305
167,enterprise,1,0.09540986870532406,0.0358396129562868,0.1670695179515292
167,enterprise,2,0.0973849221970908,0.042817370623137035,0.16573725271216355
167,enterprise,4,0.10144469066674232,0.0430254382274659,0.17012214662367395
167,enterprise,6,0.10565389175181807,0.03846613767639244,0.21044568033194547
167,enterprise,8,0.11001635973235267,0.03267581536982349,0.2870951690305597
168,enterprise,1,0.04709304824820776,0.015270080952855598,0.09210685081733382
168,enterprise,2,0.04812111538274448,0.01908795437543412,0.08477644750601533
168,enterprise,4,0.0502414949300929,0.021364288977905255,0.08797033452771323
168,enterprise,6,0.05245015737713706,0.02033566937514774,0.09832385580633517
168,enterprise,8,0.05475031747796357,0.0167034465411936,0.13885107164210905
169,startup,1,0.07370136096444602,0.023756524423762457,0.16362691159913995
169,startup,2,0.07526442242295604,0.027335794784655854,0.14841648067924235
169,startup,4,0.07848221602696358,0.03754510160622947,0.13646665118471
169,startup,6,0.08182540755942651,0.03654399368523074,0.15211856530979945
169,startup,8,0.08529783049641766,0.03128756664639576,0.1879375437878242
170,enterprise,1,0.30090370569957603,0.13553334940611172,0.4918557418790299
170,enterprise,2,0.3056950872331095,0.16626739031191978,0.45525856241431023
170,enterprise,4,0.31540437358188356,0.2303667305558162,0.39340148510862494
170,enterprise,6,0.3252775657875543,0.2271084600771172,0.42288576484073315
170,enterprise,8,0.3353084450326901,0.17777854632722412,0.5271618114633728
171,startup,1,0.133508352278585,0.048354528995405724,0.2643372547629197
171,startup,2,0.13615336680309909,0.05912413867155522,0.23239758911498498
171,startup,4,0.14157581063469263,0.08051332803320944,0.20268461218329847
171,startup,6,0.14717741561782677,0.08463550738982233,0.21248825195869184
171,startup,8,0.15296116180928765,0.07641016893486365,0.27803226722030217
172,midsize,1,0.49973721903048396,0.24009371925785117,0.7616235445584059
172,midsize,2,0.5054057914918809,0.29264029168371036,0.727469119959754
172,midsize,4,0.5167373125174758,0.37183297134041005,0.6705469869020163
172,midsize,6,0.5280516473427451,0.411376544473396,0.6528492356718525
172,midsize,8,0.5393372366091361,0.37900430659763,0.7062103845230857
173,startup,1,0.03906966974000623,0.013416689740043756,0.0837589030817553
173,startup,2,0.03992992166871099,0.01506548554991336,0.07699811202049418
173,startup,4,0.04170518313906419,0.016198809973173144,0.0841232065314983
173,startup,6,0.04355579100847388,0.014669630968936719,0.09448480367425606
173,startup,8,0.045484619293749626,0.01278045383450851,0.13019745509048145
174,enterprise,1,0.47104726534988894,0.2218656227435158,0.7227007294299893
174,enterprise,2,0.476700509976609,0.2715358779859873,0.6919657508180092
174,enterprise,4,0.4880234808421212,0.36399325982089753,0.6283481321009791
174,enterprise,6,0.4993587561605991,0.3971956862661797,0.6121116222626404
174,enterprise,8,0.5106946906579932,0.35194388746838634,0.6779321661068003
175,startup,1,0.1009785374113034,0.030256800997835027,0.23918396284567783
175,startup,2,0.10305573358690458,0.03842118810602412,0.20454427710225762
175,startup,4,0.10732379683581493,0.04714801437754273,0.19114428104379913
175,startup,6,0.11174660025707608,0.05110622559118895,0.19064037956652205
175,startup,8,0.11632791558396922,0.046982428189459316,0.24983836092162107
176,startup,1,0.10118025615008684,0.03754609042874409,0.20897635149541732
176,startup,2,0.10326112520714498,0.04633931240314419,0.18451106013226856
176,startup,4,0.10753667492881892,0.05978319305676943,0.1653314741526917
176,startup,6,0.11196715069002128,0.058389305154667934,0.17681228690258818
176,startup,8,0.11655632151555545,0.049619066299415086,0.23956753154205798
177,midsize,1,0.09034070216371395,0.03152583283165908,0.17300506310396366
177,midsize,2,0.09222151822976749,0.036938486122119155,0.17397336882426218
177,midsize,4,0.09608895028932748,0.039621688963218056,0.18226077128644505
177,midsize,6,0.10010068402621339,0.03254704401817374,0.2138652380949232
177,midsize,8,0.10426058945795229,0.02550622423764448,0.2840603625779382
178,enterprise,1,0.3070371999304855,0.13543542769766964,0.5200089871804411
178,enterprise,2,0.3118826761747051,0.1604690536922108,0.47553315472510616
178,enterprise,4,0.32169743074871754,0.21181915556690512,0.41346081154599273
178,enterprise,6,0.33167217716909514,0.22263588693910732,0.43156175557304255
178,enterprise,8,0.341800357232422,0.18628010035018616,0.5352682369062968
179,enterprise,1,0.07607576576994371,0.024911849730837973,0.15466296346614944
179,enterprise,2,0.07768496050611014,0.028065828320546105,0.1448488607808763
179,enterprise,4,0.0809971755502865,0.027598483985708917,0.15463888858102917
179,enterprise,6,0.08443768309349896,0.022781885901831552,0.18870087332683655
179,enterprise,8,0.08801033705767665,0.020869860482688032,0.25432772280905264
180,enterprise,1,0.387081121912754,0.1727474677587838,0.634652348489395
180,enterprise,2,0.3924743598787466,0.21444988525701975,0.581055396616051
180,enterprise,4,0.4033387131823144,0.3014961084898734,0.50629904978823
180,enterprise,6,0.4142987196831727,0.31834668816446676,0.5146840751941706
180,enterprise,8,0.4253442376673534,0.2734461520882478,0.6044549066108778
181,enterprise,1,0.08677746391616369,0.035298719827989856,0.1510904464394725
181,enterprise,2,0.08859132111824645,0.042592060542669195,0.14244027333412
181,enterprise,4,0.09232199870545707,0.0396943222021937,0.15015151546991465
181,enterprise,6,0.09619319803189608,0.03379624423663319,0.1842893581153177
181,enterprise,8,0.1002088016247269,0.02809327497157956,0.2547579450004066
182,enterprise,1,0.4155494442858737,0.18595175908662157,0.6781756879637453
182,enterprise,2,0.421066839731199,0.23048724981556448,0.6378939649780955
182,enterprise,4,0.43215966091227015,0.28707063002040056,0.5844810185173951
182,enterprise,6,0.44332093681266765,0.30316782132930103,0.5965403397706274
182,enterprise,8,0.45453972881824556,0.2552394442977294,0.6727775516605051
184,startup,1,0.2656706408140976,0.08714751575900578,0.5626895219813285
184,startup,2,0.27011776580944646,0.109074977628224,0.5196992316305522
184,startup,4,0.2791513884559737,0.153080244659771,0.44331346054892434
184,startup,6,0.28836776341915693,0.16748064306578533,0.44238564640530487
184,startup,8,0.2977627315925625,0.1685605384478175,0.4761715676444675
185,enterprise,1,0.3682057289954169,0.1722013989759786,0.6111836626583604
185,enterprise,2,0.373496234944214,0.20238766305057507,0.5749298927639285
185,enterprise,4,0.38416744337905595,0.2576886188777385,0.5179068081518977
185,enterprise,6,0.3949513369494818,0.25588960439402214,0.5419753530387832
185,enterprise,8,0.4058384531888586,0.21299088911481756,0.6449356626760255
186,midsize,1,0.14334714463348264,0.06393031436483816,0.23081106815787944
186,midsize,2,0.1461542031860417,0.07284871487136677,0.21714751979392888
186,midsize,4,0.1519049016055028,0.08332713133884846,0.20980711319091697
186,midsize,6,0.15784004348497296,0.07729639475059881,0.2513625147156395
186,midsize,8,0.1639622476836336,0.059358922373551073,0.3417760680215669
187,midsize,1,0.21071717267619547,0.09949995321329345,0.359480351408595
187,midsize,2,0.2145131345179057,0.1156162289480598,0.32189284251095535
187,midsize,4,0.22225341558967154,0.1385571314800289,0.2917212053630377
187,midsize,6,0.2301911411321228,0.13202756769384713,0.33654334139737596
187,midsize,8,0.2383254893163791,0.10012498264036042,0.4442928579344696
188,startup,1,0.23744031276368585,0.08122111554478122,0.4919008294580032
188,startup,2,0.24157033838158048,0.0981538431789761,0.4506713618547388
188,startup,4,0.24997622194042796,0.1427855660837043,0.3964216859289883
188,startup,6,0.25857488092563236,0.16015029626633903,0.3851170622310133
188,startup,8,0.267363879416231,0.15095778543638005,0.41799723533820804
189,enterprise,1,0.35108557346839603,0.1633339274612358,0.5876592274055342
189,enterprise,2,0.35626880394495747,0.1977636331523906,0.5375886638344406
189,enterprise,4,0.36673592808432975,0.2526023137134749,0.4761640348381873
189,enterprise,6,0.3773303169510904,0.26801606503039854,0.487721808113526
189,enterprise,8,0.38804322015944137,0.20839737639965056,0.5689261146355211
190,startup,1,0.09523372469468665,0.03429811436149533,0.19485963600222844
190,startup,2,0.09720552370302196,0.04348222081154929,0.17631862856658528
190,startup,4,0.10125865242650008,0.055623979092549486,0.15732488476225184
190,startup,6,0.1054610402890865,0.05508421342987397,0.16461725758267715
190,startup,8,0.1098165231572845,0.04581133168959932,0.2245116064460407
191,enterprise,1,0.22330523806737543,0.09938650617798042,0.3795891263847883
191,enterprise,2,0.22726267299083786,0.113989149613842,0.341780782003597
191,enterprise,4,0.23532517126873512,0.13438946605419408,0.31872281966048277
191,enterprise,6,0.24358353650514952,0.1343961462136986,0.36714759316188805
191,enterprise,8,0.2520361934773813,0.10163011989272477,0.44887276489741595
192,startup,1,0.04099187895530056,0.014713789996472095,0.07603504675291003
192,startup,2,0.04189260971903853,0.017302565595536643,0.07028229672597251
192,startup,4,0.043751154670276786,0.017208668195771305,0.0729229123520088
192,startup,6,0.04568822118419191,0.01678999000606656,0.08891060951700026
192,startup,8,0.0477067719472017,0.013484615344412641,0.12034347858693535
193,startup,1,0.10551350501881432,0.03581549336862362,0.23004981257440288
193,startup,2,0.10767281580389117,0.04333448527497564,0.19731270880789042
193,startup,4,0.11210819594619102,0.062048131634825796,0.16954074342100942
193,startup,6,0.1167023880412458,0.06331326209148108,0.1815928524528803
193,startup,8,0.12145909568550653,0.05390655667680152,0.23419088133921556
194,enterprise,1,0.055395430977804576,0.017870250325971972,0.10346902296678046
194,enterprise,2,0.05659397935801103,0.021082385292868676,0.10317670313703789
194,enterprise,4,0.05906453591027754,0.021900540448166743,0.11250936133785017
194,enterprise,6,0.061635896076822294,0.018692103666561603,0.1353757044155663
194,enterprise,8,0.06431154860573579,0.013924014398201809,0.19008158711617718
195,startup,1,0.12146936935012745,0.03479936849786884,0.27379716843113017
195,startup,2,0.12390997993288719,0.04067288193697167,0.2517957296478025
195,startup,4,0.12891758721167068,0.05621671682473694,0.21840901606365326
195,startup,6,0.1340965924165718,0.06361623272284087,0.22181675848315988
195,startup,8,0.13945034634519685,0.06164888887605148,0.2643612987527539
196,startup,1,0.09055715361513712,0.030621282663180368,0.19313417810385575
196,startup,2,0.09244201806933774,0.03858802750761873,0.1672925317688079
196,startup,4,0.0963177159565515,0.05335383455879728,0.14112203497662246
196,startup,6,0.10033794050491282,0.05236300374046172,0.15833327936409153
196,startup,8,0.10450656063185663,0.04248163871691143,0.21200155840148044
197,midsize,1,0.40238205829474155,0.1314607815877228,0.7291394200190305
197,midsize,2,0.40784662581410214,0.14925127151645226,0.7102024758100549
197,midsize,4,0.41884313834586756,0.19384011007145158,0.6759576799516174
197,midsize,6,0.42992088092522374,0.22730651735429966,0.688757302938675
197,midsize,8,0.4410692483482023,0.19866237461869896,0.7054662071507564
198,enterprise,1,0.13211641341041278,0.04845352884919687,0.22495214078068176
198,enterprise,2,0.1347381395044765,0.054501730712459055,0.20641112586176316
198,enterprise,4,0.1401133623809287,0.06821531933709309,0.21174160002080225
198,enterprise,6,0.14566692286853547,0.06497964714455932,0.25299434774699003
198,enterprise,8,0.15140184806717574,0.04914288760892414,0.33407682577432973
199,startup,1,0.11886832666962424,0.037667444745702286,0.2834396358290804
199,startup,2,0.12126388970332153,0.043586907428921795,0.24834238071112266
199,startup,4,0.12617996158493838,0.05210225124256478,0.22320557450646336
199,startup,6,0.13126556112619128,0.05333052108406414,0.24944518735447546
199,startup,8,0.13652410795884026,0.04942299968939145,0.31842920195405705
200,startup,1,0.3362816210286807,0.1232532217972404,0.6632335764389281
200,startup,2,0.3413612662400669,0.1448875712526677,0.6281882898630233
200,startup,4,0.35162965060425433,0.18769159036812197,0.5564382343275592
200,startup,6,0.3620371314734873,0.22959215252780937,0.5288306812076708
200,startup,8,0.3725756416773303,0.22784727248580444,0.5626056586933424
201,enterprise,1,0.4826737272971391,0.2285113006151032,0.7368984366266736
201,enterprise,2,0.48833768590748544,0.2800385664038462,0.6995704050918993
201,enterprise,4,0.49967313660554197,0.3674251858968061,0.6299043665631715
201,enterprise,6,0.5110089233095088,0.4066621333924204,0.6176195430215886
201,enterprise,8,0.5223333986442242,0.3775874869858517,0.6820011688777422
202,enterprise,1,0.08209403250188309,0.03000558742470889,0.15909001567306438
202,enterprise,2,0.08381897991536981,0.037431570378479946,0.14559080588630005
202,enterprise,4,0.08736795389834047,0.045221203428248584,0.1275665650915977
202,enterprise,6,0.09105226087655882,0.04392881760958342,0.15623922952447772
202,enterprise,8,0.0948757833628535,0.036383084936740466,0.20359772179400917
203,midsize,1,0.15952395849461729,0.056277706297136555,0.33426157035415505
203,midsize,2,0.16258767268315522,0.068758432821851,0.30711559091661034
203,midsize,4,0.16885710246353344,0.08993993948034151,0.24743662537565306
203,midsize,6,0.17531767119719657,0.09604686189613566,0.2658971879531678
203,midsize,8,0.18197130601063125,0.08422639428320289,0.3331520331819499
204,startup,1,0.16453861097339115,0.0579980804415433,0.334412257271104
204,startup,2,0.16767941934941172,0.07338627396562304,0.3027834159252481
204,startup,4,0.17410436799355494,0.10046437101491484,0.24725996505766523
204,startup,6,0.18072204650614926,0.11171075599304599,0.2655301316251162
204,startup,8,0.1875341460181886,0.0979265635161546,0.33986075678896327
205,startup,1,0.08336282301261612,0.025988817269265423,0.19195230397884477
205,startup,2,0.08511195807143754,0.029728589878372676,0.17428674386092788
205,startup,4,0.08871037711763763,0.04089512847316035,0.16528000950914226
205,startup,6,0.09244555974856167,0.03957392224314001,0.17554950933550173
205,startup,8,0.09632139036387412,0.03518271867827859,0.22836165474464165
206,startup,1,0.05470319217575798,0.01642189367543133,0.10547501116635427
206,startup,2,0.05588764925893309,0.020069092413991085,0.09882614275510933
206,startup,4,0.058329278067151734,0.02564131993691355,0.09343139827021113
206,startup,6,0.06087069969644345,0.02665241176606501,0.11452237293650565
206,startup,8,0.06351538299007592,0.02051722060012021,0.1470959589478083
207,startup,1,0.09668264920712323,0.03224668702469658,0.21031051193040234
207,startup,2,0.09868117594834067,0.03933847322994795,0.18910849598096446
207,startup,4,0.10278882866251333,0.04897307727365297,0.17787807942784303
207,startup,6,0.10704715726144588,0.05063080632337366,0.19433470655255103
207,startup,8,0.11145998383805515,0.04336943017073786,0.2702590630772462
208,midsize,1,0.03408188443669572,0.011637558434308234,0.07721012552078715
208,midsize,2,0.034836294654403084,0.013269446595306647,0.07418648143585307
208,midsize,4,0.03639368086342823,0.013285906875137357,0.07151127530432168
208,midsize,6,0.038017948837648176,0.013488335347129761,0.08612478749236323
208,midsize,8,0.03971172119108611,0.0116970029767277,0.1042640852575423
209,startup,1,0.12182415014273958,0.042234566867850605,0.23696903542382533
209,startup,2,0.12427088078772226,0.05376619372074839,0.21150623494129428
209,startup,4,0.1292909208089938,0.0735453291588601,0.18480647219937812
209,startup,6,0.134482608476998,0.07461373008388655,0.20069188849347103
209,startup,8,0.1398492848771918,0.06510292448189264,0.2596820232152035
210,midsize,1,0.33128480045787345,0.13495570751919803,0.6014074553515071
210,midsize,2,0.3363272144624722,0.1543327943581036,0.586316317285315
210,midsize,4,0.34652384042128276,0.19376003927526228,0.5468389390881526
210,midsize,6,0.35686337737083773,0.1897099460380702,0.5606471537227844
210,midsize,8,0.3673380017968769,0.16363929789936935,0.6156174414618191
211,midsize,1,0.11252477331269346,0.04109751031125613,0.22402479793124225
211,midsize,2,0.11480915169789292,0.04874516248616256,0.21920350695127616
211,midsize,4,0.11949913208353363,0.04896949131211213,0.208503047599599
211,midsize,6,0.12435378467018963,0.045202072387347476,0.2383407804272604
211,midsize,8,0.12937667890747703,0.04200747303588928,0.3019153059760796
212,midsize,1,0.02291784228407464,0.00674116395263687,0.05005533300335644
212,midsize,2,0.023431128478590805,0.008059599780568066,0.04822926923601505
212,midsize,4,0.024491575458765565,0.008583642955269869,0.05425503194984162
212,midsize,6,0.025598758133951897,0.008772515200479397,0.0662095595988219
212,midsize,8,0.026754620111580987,0.007175885380632297,0.07951902590068484
213,startup,1,0.33982010247802247,0.11008273430900861,0.665213882285385
213,startup,2,0.3449254204190475,0.13834914098243337,0.6170065615514864
213,startup,4,0.35524319106013985,0.18603925211430689,0.5642518432969437
213,startup,6,0.3656973007370355,0.23205972130793914,0.5095346195156389
213,startup,8,0.3762795136109696,0.22379487219712366,0.5579880617294987
214,enterprise,1,0.3576280766345029,0.16137825785207505,0.576605393858724
214,enterprise,2,0.36285388675272834,0.20149713737522312,0.5344489634886259
214,enterprise,4,0.3734022562964968,0.27802961827997075,0.4661916067425621
214,enterprise,6,0.3840724257167591,0.2951568581203473,0.47547931854613257
214,enterprise,8,0.3948553622161173,0.2326670340638217,0.5814845130894696
215,enterprise,1,0.11539210036338057,0.044239949886544665,0.1954173265253232
215,enterprise,2,0.1177269669156534,0.04729718664132409,0.18585100421190281
215,enterprise,4,0.1225196431144285,0.055802009799521844,0.1884539328231909
215,enterprise,6,0.12747923822226162,0.057417667438939,0.22888175313856768
215,enterprise,8,0.1326092572082855,0.043757624237700125,0.31131733888632757
216,enterprise,1,0.2834902545517791,0.12778693776305283,0.48769292561335403
216,enterprise,2,0.2881186317001052,0.14848548154070096,0.448246302000177
216,enterprise,4,0.2975088765059261,0.18282056849865017,0.39574526628119444
216,enterprise,6,0.3070731513350819,0.19221673957551214,0.43898352794748485
216,enterprise,8,0.3168062353006074,0.14571798339655023,0.5228647640164338
217,startup,1,0.05020381782021286,0.016614075832297123,0.11378027901784976
217,startup,2,0.05129613909718447,0.019888425206792962,0.10868351779859987
217,startup,4,0.05354855066414579,0.02235396532056637,0.10216734947336442
217,startup,6,0.05589403853118407,0.021470216500547788,0.11096364109539848
217,startup,8,0.05833592922742034,0.01778982471092048,0.15842792559968064
218,startup,1,0.0425504089211113,0.010851228243807475,0.11130728324274987
218,startup,2,0.04348383307163683,0.012357760323576316,0.10439710660235091
218,startup,4,0.04540962605717157,0.012650786349941774,0.10719905626964313
218,startup,6,0.04741647978467446,0.012047664559120385,0.13233023411202796
218,startup,8,0.04950742554393352,0.00964480133509969,0.1789444473353828
219,enterprise,1,0.21995525934471408,0.09660466929791621,0.36732909474233677
219,enterprise,2,0.22387043775212848,0.12284049688455798,0.32839327925399014
219,enterprise,4,0.23184869892264443,0.1480915026822352,0.29453733008140826
219,enterprise,6,0.24002335777491202,0.14176634263145457,0.3444972862604975
219,enterprise,8,0.24839304115782712,0.11368735271566006,0.4334087226564078
220,midsize,1,0.22880455386977308,0.07788188483190463,0.483656274129136
220,midsize,2,0.23283023270150066,0.09546479659824271,0.43792183587868033
220,midsize,4,0.24102863999674487,0.13727567689004647,0.38413972611022507
220,midsize,6,0.24942187309258942,0.1529378389987556,0.3668127815508144
220,midsize,8,0.25800802317688215,0.14485828022357722,0.40470213281287964
221,startup,1,0.0894270648492095,0.027521988131303705,0.18110207100030254
221,startup,2,0.09129076867576659,0.032310531635767636,0.17973277008656463
221,startup,4,0.09512325857844033,0.03480978351322841,0.18591331004706593
221,startup,6,0.09909909467690008,0.02956225409776383,0.22599652390701058
221,startup,8,0.10322215120611547,0.024758900301965942,0.28378590330848624
222,midsize,1,0.32089492544611314,0.12542098718691397,0.5701672438804971
222,midsize,2,0.3258562579836148,0.15999229609790383,0.5371500811254245
222,midsize,4,0.3358960988074886,0.20585389377383026,0.5017809304923863
222,midsize,6,0.34608647021667227,0.21157646450495046,0.4998810540655532
222,midsize,8,0.35642007482847676,0.1758210795979063,0.5609671446833062
223,midsize,1,0.17621610789559802,0.07506965278073076,0.27963919415460786
223,midsize,2,0.1795319227528155,0.08605887141127487,0.25887700903251604
223,midsize,4,0.1863093635175222,0.10804292094554344,0.2518017308143834
223,midsize,6,0.19328238418849186,0.1064121125014235,0.2909781082498795
223,midsize,8,0.20045209262584426,0.07475681707075728,0.39383648541678645
224,enterprise,1,0.3111725855170679,0.1484939421601965,0.5171169297923832
224,enterprise,2,0.31605355849123945,0.17580142741633667,0.47375466817968187
224,enterprise,4,0.3259373971507645,0.23144328926912247,0.4170879946220321
224,enterprise,6,0.3359784920042073,0.23342737456328114,0.4423998871206658
224,enterprise,8,0.34617006009090856,0.17261676414456623,0.5377031827454477
225,startup,1,0.11082929770648603,0.04144788443073997,0.2285439099484688
225,startup,2,0.11308364190836268,0.05162986165822994,0.20950757661898017
225,startup,4,0.11771250823090201,0.06626321393196727,0.17623809460611944
225,startup,6,0.12250467754505233,0.06577012449268742,0.18818386889877628
225,startup,8,0.12746375484671907,0.05578777577816927,0.24511623357111156
226,enterprise,1,0.26026510547553655,0.09472347221735573,0.44715203340459664
226,enterprise,2,0.26465435679895,0.11940665528607206,0.4230315330644203
226,enterprise,4,0.27357374994915024,0.15501402587013416,0.39688240568813443
226,enterprise,6,0.28267818893408725,0.15942429810508144,0.41135155462271494
226,enterprise,8,0.2919638422881046,0.13376142418735604,0.48609990583519813
227,startup,1,0.15459090323935817,0.06261728692873204,0.2945325581211487
227,startup,2,0.15757763899443514,0.06598060758003209,0.2814955233292572
227,startup,4,0.16369164351385748,0.08983488099983514,0.272662070689838
227,startup,6,0.16999500112972082,0.0704672032971459,0.30114284751680476
227,startup,8,0.17648986168020692,0.05344462762474872,0.3708808189013228
228,midsize,1,0.047499048018027894,0.01724692883647622,0.09966811929687383
228,midsize,2,0.048535526911090185,0.019621480524067432,0.08913161679690722
228,midsize,4,0.05067319474615927,0.021824749078425874,0.08826665185145209
228,midsize,6,0.05289977808033261,0.01998215932187348,0.11020193015068018
228,midsize,8,0.05521850688763098,0.015266740078651668,0.15110047393487572
229,midsize,1,0.06176778461195867,0.021218230410951423,0.1226499643955636
229,midsize,2,0.06309499741707078,0.022624553397665025,0.11333403463140163
229,midsize,4,0.06582954688252739,0.025817899933454742,0.11247547577490939
229,midsize,6,0.06867392519126775,0.024791132538001328,0.13561333874416148
229,midsize,8,0.07163178009605016,0.022049937309611068,0.17857545863697744
230,startup,1,0.08063491033308078,0.02887027268436643,0.14119398287564278
230,startup,2,0.08233194885033673,0.03687996778027438,0.13508653521021344
230,startup,4,0.08582385858104614,0.045382896555598906,0.1267177180526741
230,startup,6,0.08944943309488496,0.0453935956973535,0.1472001151496217
230,startup,8,0.09321255097474407,0.035284513819209856,0.18912535153857335
232,midsize,1,0.18394195673359404,0.05400072859054074,0.4664205840438861
232,midsize,2,0.1873700812669946,0.07230908440227633,0.4299078477396839
232,midsize,4,0.19437331814954378,0.09410972500833696,0.3677204426928547
232,midsize,6,0.20157338262163121,0.10269190756419655,0.34788359125199503
232,midsize,8,0.20897097391748332,0.0891778614626048,0.3877259168852406
233,enterprise,1,0.18642177901630325,0.08194929594576422,0.30609060645819625
233,enterprise,2,0.18988536605469294,0.08928243565371528,0.27746428079143404
233,enterprise,4,0.1969598293353701,0.1170593843350143,0.26812889163845854
233,enterprise,6,0.20423141590809385,0.1130749428044751,0.3059731731096753
233,enterprise,8,0.21170069047884085,0.08268123053681387,0.40761726373917295
234,midsize,1,0.4565450886728286,0.15500892016375378,0.7809983881665725
234,midsize,2,0.46217636115505534,0.1907191535381774,0.7724495868864906
234,midsize,4,0.473466479228942,0.2572500229315307,0.7134672103089482
234,midsize,6,0.4847837962177695,0.3010196660107632,0.6872152968733112
234,midsize,8,0.4961167405421868,0.3107450436072998,0.689690127567281
235,enterprise,1,0.11804545118502945,0.04735106620852738,0.2075841269361783
235,enterprise,2,0.12042669725179199,0.05360500484150742,0.19281263773352034
235,enterprise,4,0.12531366919217488,0.05371043357744857,0.2020914321851684
235,enterprise,6,0.1303695625872944,0.047856727100439984,0.24067583123392655
235,enterprise,8,0.1355978179657247,0.040892100743507936,0.32278383797917126
236,enterprise,1,0.2977404379183226,0.14075318034372034,0.48952972245205495
236,enterprise,2,0.30250324504166365,0.16816440789325274,0.45371203113499897
236,enterprise,4,0.312156732981103,0.21118074721851748,0.41621014626071695
236,enterprise,6,0.3219760765222743,0.20848733172648,0.4356673522492081
236,enterprise,8,0.3319552345324058,0.1588633095677448,0.5229731433923899
237,midsize,1,0.13358013349596976,0.05201277853151179,0.2732592539190271
237,midsize,2,0.13622634654446825,0.0516088425073022,0.25709101072529966
237,midsize,4,0.1416512202686576,0.06297750772944524,0.2538752088586609
237,midsize,6,0.1472552970958001,0.053506910120207335,0.2797511884793719
237,midsize,8,0.15304155462839913,0.04697743755117448,0.34747635420573136
238,enterprise,1,0.29207748625915675,0.12870914306411854,0.5162223233579031
238,enterprise,2,0.296787989879587,0.16066997907526864,0.47685792721803605
238,enterprise,4,0.30633919577908364,0.1923869267790942,0.4278354044033193
238,enterprise,6,0.31605962715671093,0.18453767587811512,0.4605389748057689
238,enterprise,8,0.32594356515587636,0.15480192218868058,0.5573455662769287
239,startup,1,0.09161500079464929,0.03111557367506133,0.19644505458280112
239,startup,2,0.0935196192092491,0.03903303003203864,0.16836075519430205
239,startup,4,0.09743564584692525,0.054267198982493874,0.14343854574974116
239,startup,6,0.10149729109858181,0.053694115922307016,0.15923032004091175
239,startup,8,0.10570841795258128,0.04308189485503794,0.2116692034624266
240,startup,1,0.04657884562737936,0.015628323802570343,0.09662369634196662
240,startup,2,0.047596248123899926,0.015454464893965661,0.09434671496215628
240,startup,4,0.049694707652736286,0.01442513072266254,0.1035337526342376
240,startup,6,0.051880645865099925,0.012133452278489066,0.12735937631105906
240,startup,8,0.054157257964305365,0.010199051873666426,0.18685427163095705
241,enterprise,1,0.09870675223444428,0.02848178767813313,0.19687259161979292
241,enterprise,2,0.10074245297236337,0.03437605023937651,0.17971212933505382
241,enterprise,4,0.10492591886517857,0.04969333349848745,0.1666009815707535
241,enterprise,6,0.10926200090865,0.05614118729454582,0.17918624273525052
241,enterprise,8,0.11375449922326723,0.046686102662596624,0.22709466871315812
243,startup,1,0.16239475096436576,0.07082710420898819,0.257025885032755
243,startup,2,0.16550274288652703,0.08237437961457816,0.2453970628906266
243,startup,4,0.1718615096573226,0.09951390529900724,0.2342247706199242
243,startup,6,0.17841235358894156,0.09346008716510652,0.27671924510873014
243,startup,8,0.18515706784547373,0.07356720143657573,0.36891154106554175
244,midsize,1,0.14116691873119352,0.05229482308006423,0.28983938871579085
244,midsize,2,0.14393845715054332,0.06401695602270713,0.2501037640501036
244,midsize,4,0.14961724984904223,0.0906841947047896,0.21254030111372665
244,midsize,6,0.15547939607330868,0.09354609949172062,0.21664359046307904
244,midsize,8,0.16152759890390253,0.08380106629156989,0.29387316389938967
245,midsize,1,0.23255784280818662,0.07616715256731638,0.4828127017259784
245,midsize,2,0.23662929612390268,0.09207804499014026,0.45637785619324284
245,midsize,4,0.2449187690416759,0.12140808364980402,0.42251673415936436
245,midsize,6,0.2534022381291929,0.12085469785712404,0.44293561807939746
245,midsize,8,0.26207756585957925,0.10596360139364068,0.49914386113281756
246,enterprise,1,0.2842811458884532,0.1287538442439303,0.4620331374872767
246,enterprise,2,0.28891722879572945,0.1611042790835588,0.4301448926276174
246,enterprise,4,0.2983225939886707,0.20201685590767354,0.374759563860944
246,enterprise,6,0.3079015624957708,0.20264009439749717,0.41010086012986613
246,enterprise,8,0.317648867137901,0.15770254582748025,0.5111047159196644
247,midsize,1,0.14915631564861237,0.06337477503695639,0.24013001994275768
247,midsize,2,0.1520569388607949,0.07396426573669118,0.22950922298622856
247,midsize,4,0.15799691439548752,0.085072636955449,0.21883467135025958
247,midsize,6,0.16412401741054633,0.08263944604316156,0.26344013943898187
247,midsize,8,0.17044063145184657,0.06448121614868559,0.3489810296448377
248,midsize,1,0.08983865152978134,0.03164192558600136,0.17917700573558598
248,midsize,2,0.09171006910833188,0.033373440670677115,0.17074742726195655
248,midsize,4,0.09555831064761149,0.0319651244782139,0.1798307356201197
248,midsize,6,0.09955032998734026,0.02802065645725658,0.2162406651218412
248,midsize,8,0.10368999954800308,0.02340837838506961,0.28413364069517666
249,midsize,1,0.08490552168283722,0.02282988797816431,0.19862615754908586
249,midsize,2,0.08668396487638717,0.02755229031707977,0.17793154559362095
249,midsize,4,0.09034228331089988,0.04097184013608775,0.16005738451062013
249,midsize,6,0.09413907977883083,0.04280488029713192,0.1666274836569493
249,midsize,8,0.09807823907899808,0.03497774815835012,0.20822701438659222
250,midsize,1,0.3675313832918122,0.16825128503953204,0.6051760513314258
250,midsize,2,0.37281791756574506,0.2068759455938855,0.5666631510631146
250,midsize,4,0.3834816083436372,0.25639097775314196,0.5126053120061764
250,midsize,6,0.394258575143229,0.25798260476071144,0.534084359486648
250,midsize,8,0.4051393818693177,0.2230147697647057,0.6426401932154095
251,midsize,1,0.10714941090235881,0.0382338283313212,0.22067195357927097
251,midsize,2,0.10933810788359227,0.03881445284513327,0.211680110684575
251,midsize,4,0.11383333555921307,0.04590303438933496,0.2235508283077173
251,midsize,6,0.118488789470807,0.04386819157697041,0.24704193699340474
251,midsize,8,0.123308144982408,0.03611779228033332,0.29700341246798634
252,enterprise,1,0.2304336028496864,0.10314266440550134,0.3699709127318911
252,enterprise,2,0.2344792291993209,0.11675490418981165,0.3451847086873379
252,enterprise,4,0.24271733045926597,0.16881015408070568,0.3039991787958468
252,enterprise,6,0.25114990917016883,0.15613653244365336,0.3480630284240665
252,enterprise,8,0.25977495733750033,0.12322951028298257,0.4579968539557587
253,midsize,1,0.20015546547415164,0.07753092391002843,0.4349811687889108
253,midsize,2,0.20381029388373031,0.08618103489629016,0.4048883787249676
253,midsize,4,0.21126825587089357,0.089393387123275,0.3807361712538423
253,midsize,6,0.21892408484999165,0.08794336506165873,0.4194934808429574
253,midsize,8,0.22677757518802183,0.08069474593976314,0.46300398111815655
254,startup,1,0.2356207076686937,0.08478504574148889,0.4914595964278459
254,startup,2,0.23972903314166313,0.10907679821338324,0.46376181773804037
254,startup,4,0.24809180372197298,0.13268669928321977,0.41779438721263307
254,startup,6,0.2566478231910421,0.13195392301150272,0.45156423871356427
254,startup,8,0.2653947669242561,0.10737736601098354,0.5032919810400602
255,startup,1,0.13582314182656352,0.04392274818336355,0.3065887692009789
255,startup,2,0.13850668547777809,0.05677800081823338,0.2716659198121232
255,startup,4,0.14400722847424102,0.07842445775145493,0.23236481031386128
255,startup,6,0.14968825997549523,0.08932720852634331,0.23329736139419416
255,startup,8,0.15555267951377488,0.07161429247330951,0.2921855123252904
256,enterprise,1,0.10542737437555787,0.03976908749120248,0.1768153840769237
256,enterprise,2,0.1075851345194917,0.048755036050014716,0.1665645967555051
256,enterprise,4,0.11201735620723109,0.05565460891839566,0.1718101718693315
256,enterprise,6,0.11660831458795419,0.04507098345582898,0.210382036765251
256,enterprise,8,0.12136171469162793,0.03613179290546137,0.278438589213745
257,enterprise,1,0.46262779205311205,0.21696854257881681,0.7169498280168674
257,enterprise,2,0.4682694443569412,0.26629341849427063,0.6781821547339675
257,enterprise,4,0.4795756825656132,0.36022396648222066,0.6089481493719717
257,enterprise,6,0.49090288136251464,0.3931830596355252,0.5926369664706758
257,enterprise,8,0.5022394286384847,0.3543158021976357,0.6674870235449618
258,startup,1,0.04672306993043944,0.017783372159527782,0.09944998136237604
258,startup,2,0.047743464908034786,0.019585442764216823,0.09247576333245708
258,startup,4,0.049848075328975186,0.020499022686706905,0.09565340827629457
258,startup,6,0.05204039034230978,0.019638578952255403,0.11082686240016996
258,startup,8,0.05432361066600454,0.017141332647341734,0.1563658986253309
259,startup,1,0.05781123551841335,0.020220534496581087,0.11647525930467358
259,startup,2,0.05905878483676956,0.02498460889540815,0.10817782348945375
259,startup,4,0.06162991103070798,0.03128625947816007,0.09980323329064153
259,startup,6,0.0643053215499316,0.030811639982011446,0.11612629437482377
259,startup,8,0.0670885705263062,0.02361914114155972,0.14701319251611597
260,midsize,1,0.5464122017755534,0.2494956332293612,0.8058901325746416
260,midsize,2,0.5520259920721989,0.28777320060316247,0.7727019282587071
260,midsize,4,0.5632124980753718,0.3633740824093373,0.7349081050307348
260,midsize,6,0.5743350615486392,0.4130653617709946,0.7337598049781545
260,midsize,8,0.5853828988636385,0.41202893129979307,0.74886741009938
261,startup,1,0.22860189063137612,0.0820784961277221,0.4797312176141752
261,startup,2,0.23262507930205426,0.10154746402372411,0.43351658125633863
261,startup,4,0.24081853034959042,0.13536871466312833,0.371520898815311
261,startup,6,0.24920684926796263,0.15973394746258074,0.36598413863257434
261,startup,8,0.2577881395735627,0.13901692981391717,0.42167787420646724
262,enterprise,1,0.29294322199746864,0.1394874731397347,0.48970293618740174
262,enterprise,2,0.297661817113354,0.16223100190805118,0.44810656416383166
262,enterprise,4,0.3072288583709711,0.22593448627402626,0.3858299554002258
262,enterprise,6,0.3169646201090601,0.21238271273186377,0.41961790105499597
262,enterprise,8,0.326863333869648,0.1609938676196163,0.5298707565967826
263,startup,1,0.1722743209358817,0.07508690511337786,0.2897811508703844
263,startup,2,0.1755317686455859,0.0900050696418696,0.2607858472152578
263,startup,4,0.18219173376708045,0.10300418613961171,0.24690213584036574
263,startup,6,0.18904644838960907,0.09433165752532806,0.3024323771562867
263,startup,8,0.1960972221891094,0.0757185081816625,0.3823980156861525
264,startup,1,0.09160601983854436,0.032872364156077756,0.1903835680727118
264,startup,2,0.09351047076473717,0.04220230120956238,0.1776706668271299
264,startup,4,0.09742615549431521,0.05048992216615686,0.16055241542068954
264,startup,6,0.10148744962036478,0.04851217129981572,0.16399686178315256
264,startup,8,0.1056982161854329,0.042024291642961335,0.21760431577763392
265,enterprise,1,0.19109307811240872,0.07802745851038449,0.328615896769565
265,enterprise,2,0.19462269301733623,0.08985834842685755,0.31093644892453864
265,enterprise,4,0.20182968073169966,0.10296926693143285,0.29642022076432983
265,enterprise,6,0.20923421306977427,0.10400111729110731,0.3230635197098217
265,enterprise,8,0.2168365972860068,0.08607992533117254,0.4303905502722647
266,startup,1,0.2130951751578125,0.07738457787448308,0.4612569810687123
266,startup,2,0.21692220199586512,0.0888220856940339,0.4128046751527448
266,startup,4,0.22472454020066412,0.11088483005889961,0.355254124198178
266,startup,6,0.23272411273440055,0.1266127188732155,0.3614635510800655
266,startup,8,0.24091995679893707,0.11997554242650062,0.42590664390653526
267,startup,1,0.13609724309802526,0.04777179468402241,0.27552131712514105
267,startup,2,0.13878533260642217,0.05860387314887914,0.24291934560268202
267,startup,4,0.144295088085787,0.07107783330251607,0.20484695912657816
267,startup,6,0.14998548577191584,0.080324181684682,0.22999010125573693
267,startup,8,0.15585941547519783,0.07025180075740746,0.29939260883481394
268,startup,1,0.10559273176837232,0.03641554426942488,0.22520013600812436
268,startup,2,0.10775346859617067,0.04553788108702388,0.19603021698898027
268,startup,4,0.11219175336342026,0.059131207874358556,0.1773818366592744
268,startup,6,0.1167889192401059,0.05783131636424333,0.1968239567372361
268,startup,8,0.12154866849936986,0.05282399517316294,0.26183872337612957
269,startup,1,0.06312335087635546,0.01983707518396728,0.13355465361362667
269,startup,2,0.06447768922116605,0.023604223541037764,0.12734249661642869
269,startup,4,0.06726786224480927,0.027425902371463938,0.11558122533595104
269,startup,6,0.07016971947306827,0.028246531173705944,0.1375487768906893
269,startup,8,0.07318693696376942,0.023517223766111074,0.17465823896580734
270,startup,1,0.028187550674812097,0.008239079814432853,0.05710849099399519
270,startup,2,0.028815380750042478,0.009867591817301399,0.05859944642686385
270,startup,4,0.0301119946734766,0.010627781582962133,0.06470503211450016
270,startup,6,0.031465062434389596,0.010989244150136707,0.09337308233981924
270,startup,8,0.032876868679108336,0.008942063981131159,0.1199138635501117
271,startup,1,0.0866401715424721,0.031080765164616473,0.17916464995946013
271,startup,2,0.08845143695719215,0.04002613273187307,0.15874420194159922
271,startup,4,0.09217681963228974,0.05088942199179674,0.14618674332420623
271,startup,6,0.0960425755174833,0.04785183785534922,0.15447775554153964
271,startup,8,0.10005258740827305,0.04153708463556874,0.21270203886979464
272,startup,1,0.25546309398987216,0.08448215797937716,0.45009707937971144
272,startup,2,0.2597998036160227,0.10902729617599632,0.4223906611351559
272,startup,4,0.2686153531063867,0.14665867940589555,0.391369426141849
272,startup,6,0.27761784155749836,0.15127753950173414,0.41663089258886893
272,startup,8,0.28680372999190157,0.12279806122739308,0.47451807536741886
273,startup,1,0.06505810699128103,0.022523047432274446,0.1593908821709462
273,startup,2,0.06645101204827701,0.024678934231384158,0.14660553586302857
273,startup,4,0.06932025018090819,0.02573300626454863,0.14583424409721046
273,startup,6,0.07230378175071815,0.024593820137323273,0.17177025695269338
273,startup,8,0.07540531994222453,0.021434589710453228,0.22527829287229367
274,midsize,1,0.07709124332067237,0.02271773141816785,0.18219407475828425
274,midsize,2,0.07872008784432447,0.025845592804018064,0.1871304152403411
274,midsize,4,0.08207250980096338,0.030942595921422844,0.16068814571947632
274,midsize,6,0.08555444191143431,0.029028943655440117,0.17851034510651004
274,midsize,8,0.08916974523687461,0.02457889173412488,0.23116464279508017
275,midsize,1,0.06524059787361021,0.023963637223873943,0.13325399656299294
275,midsize,2,0.06663713161190138,0.028015601109709062,0.11985772279422727
275,midsize,4,0.06951380766162692,0.03312603612690489,0.1208777766204761
275,midsize,6,0.07250502090652934,0.032288978021498806,0.14298367462671172
275,midsize,8,0.07561448783617078,0.028623905870612615,0.19070075231169184
276,midsize,1,0.32030570049454227,0.14313589966672619,0.5210230863411142
276,midsize,2,0.32526228635165777,0.1784353268863593,0.48096270290983667
276,midsize,4,0.33529292855951487,0.24267030739840403,0.4191470249140515
276,midsize,6,0.34547452036823595,0.2548784825717284,0.43928380981247994
276,midsize,8,0.35579979498557773,0.19411049411000264,0.5466948460706924
277,startup,1,0.12475426658581337,0.04845059129135967,0.23336574865365234
277,startup,2,0.12725131860043373,0.05266979425582593,0.230410121996369
277,startup,4,0.1323735571571368,0.06085612468971746,0.2146346878416564
277,startup,6,0.1376694566979544,0.055952789681309296,0.2531953998107507
277,startup,8,0.14314227519017506,0.045820794974044676,0.3262784258006257
278,midsize,1,0.2228997791191302,0.07120890757316158,0.5183281469683921
278,midsize,2,0.22685212718245693,0.08913320591943913,0.4711839053783815
278,midsize,4,0.2349044882473689,0.11940880263716454,0.4027931956147295
278,midsize,6,0.24315278471048188,0.1461893470680061,0.36513053160756154
278,midsize,8,0.2515954658571458,0.13780946431772106,0.4202480780702599
279,enterprise,1,0.19673546521716376,0.06859628748073468,0.395500620835979
279,enterprise,2,0.2003434867091445,0.08792059777843703,0.36060895358135703
279,enterprise,4,0.20770768377820817,0.11917053379889161,0.30116521567544496
279,enterprise,6,0.21526970189745376,0.1286433266170262,0.30551642366611315
279,enterprise,8,0.22302953091436759,0.11777834810137763,0.3768915145912397
280,enterprise,1,0.16210059090454476,0.06670824392193403,0.2921661575185018
280,enterprise,2,0.1652040634277678,0.07992304525037959,0.26996328848695067
280,enterprise,4,0.17155371377095613,0.08086402876200338,0.260807308498596
280,enterprise,6,0.17809534852913858,0.0752261139256519,0.3039698496236685
280,enterprise,8,0.18483077473519333,0.06286060170422626,0.3890962799164886
281,startup,1,0.16035303283334557,0.05408858585871951,0.33514167561006075
281,startup,2,0.163429573544816,0.06476745651187173,0.3032338005996757
281,startup,4,0.169724887554517,0.09373339992608536,0.25819079510820836
281,startup,6,0.17621161905299515,0.1037680797610914,0.2532850567716394
281,startup,8,0.18289165679900612,0.09072213299809694,0.3155276946629713
282,startup,1,0.07390315530480253,0.026080416370323028,0.152041232838496
282,startup,2,0.07547014774053218,0.033871074469281726,0.1391436466445396
282,startup,4,0.07869598825764076,0.040520403147799915,0.1265957812651039
282,startup,6,0.08204747529662672,0.03801702989447621,0.13731545029316186
282,startup,8,0.08552844427738913,0.03384621597986786,0.1929443265760928
283,startup,1,0.137407341874505,0.048402072769543995,0.3390871287507261
283,startup,2,0.14011711059754403,0.05355872284704096,0.31214035266522194
283,startup,4,0.14567079448223907,0.064702334241591,0.29911394741356323
283,startup,6,0.1514058450937121,0.06474195245732796,0.3016430771805338
283,startup,8,0.15732510523783388,0.056612307317630145,0.3320117139949764
284,startup,1,0.11915215430496603,0.03910759542912248,0.27625411300377706
284,startup,2,0.12155264826237654,0.05045223676538859,0.24492237193510963
284,startup,4,0.12647874157112135,0.06585554045593545,0.2198775701778243
284,startup,6,0.13157457000986478,0.06694369176032781,0.2192627110345729
284,startup,8,0.13684354590372816,0.05894332943012184,0.26505301649461793
285,midsize,1,0.06362503614141728,0.023590180923421085,0.12595958711378916
285,midsize,2,0.06498939168729181,0.027432424584956684,0.1108786006410174
285,midsize,4,0.06780010307009443,0.036147872758552774,0.10701623553629297
285,midsize,6,0.07072317961713083,0.03439245197671467,0.12404051713744828
285,midsize,8,0.0737623073810253,0.026806127416495462,0.15928122972726114
286,midsize,1,0.18388240915465992,0.06257636999256705,0.38276505793128746
286,midsize,2,0.187309678629783,0.07535240099111298,0.34854009158904625
286,midsize,4,0.19431119770655056,0.10772894369253865,0.3071146254704929
286,midsize,6,0.20150953665226715,0.11949129597774485,0.29110720436028836
286,midsize,8,0.20890539791239895,0.1109799344416481,0.3514259603289896
287,startup,1,0.050180181898014604,0.017822188424038928,0.09977065735556122
287,startup,2,0.05127201667196423,0.02069912878958718,0.08742363293844697
287,startup,4,0.05352342878229924,0.02755561722640251,0.08989478471721067
287,startup,6,0.055867881235473406,0.025359829956860962,0.11060499494500702
287,startup,8,0.05830869975303298,0.02117197620149805,0.1489354197284626
288,midsize,1,0.1170056552189381,0.0461786055264331,0.19629966111297467
288,midsize,2,0.1193687651127879,0.05165230615359097,0.18482305914886618
288,midsize,4,0.12421886870973518,0.056773080965234195,0.18965812156744066
288,midsize,6,0.12923711772362448,0.060083372035836385,0.22649352731440703
288,midsize,8,0.13442697847436438,0.04455035365844922,0.31106825644545294
289,midsize,1,0.11699825395768847,0.044235754327794974,0.21978557543260616
289,midsize,2,0.11936123457800225,0.0534269188924349,0.2092522753696755
289,midsize,4,0.12421107535692748,0.05779618478893807,0.20309124080557145
289,midsize,6,0.12922905598874654,0.05182042438691078,0.23363061563614027
289,midsize,8,0.13441864297447734,0.04447615369101866,0.2938599138154173
290,startup,1,0.10037967068919153,0.03407794652397988,0.19562164200937318
290,startup,2,0.10244595156897535,0.04136202914634664,0.1715776744702582
290,startup,4,0.10669176462797847,0.047287820026818216,0.1649808686580736
290,startup,6,0.11109176343314173,0.05081072884841393,0.1873519163180041
290,startup,8,0.11564972757911432,0.04462098712297037,0.2548950409620575
291,enterprise,1,0.25458799700416646,0.08248387308990221,0.5571052738191608
291,enterprise,2,0.2589150171521652,0.09894531055336896,0.5128947192068769
291,enterprise,4,0.2677114024133372,0.14000273101926497,0.4549563028839941
291,enterprise,6,0.2766950567304853,0.16144721703837828,0.447611663169482
291,enterprise,8,0.28586249454171453,0.1528565629694898,0.4581116832879049
292,startup,1,0.22368626905750535,0.08007993287074835,0.4933990232329039
292,startup,2,0.22764847744606606,0.09373530710875735,0.4487959831175422
292,startup,4,0.2357204875692109,0.12683541663976974,0.4063804486631552
292,startup,6,0.24398829928483198,0.14278298731628702,0.38637416719136647
292,startup,8,0.2524503143267842,0.12859955984633414,0.4388956773152501
293,enterprise,1,0.5277079755568111,0.23343048827086046,0.8039020276788015
293,enterprise,2,0.533355560008021,0.27812588149635686,0.7709503044114556
293,enterprise,4,0.5446236935930324,0.3360479901601103,0.732123361303394
293,enterprise,6,0.5558463205075332,0.3913958984480573,0.722261281479575
293,enterprise,8,0.5670122548505975,0.38843046949012594,0.7499809781666156
294,startup,1,0.28837251629919997,0.07565838738335869,0.6138053625800196
294,startup,2,0.29304800243228557,0.08694355643683949,0.5753571454911959
294,startup,4,0.30253062873732794,0.1374163388748495,0.524955896402698
294,startup,6,0.31218459942067145,0.14953792239581828,0.509565964928492
294,startup,8,0.3220044091825654,0.15616203455720182,0.5189002188034284
295,enterprise,1,0.19010754096536409,0.079931941560755,0.3339586450866956
295,enterprise,2,0.19362330962046115,0.0966227703060636,0.3085507393395017
295,enterprise,4,0.20080251664153487,0.1048796647788063,0.29212695575292125
295,enterprise,6,0.20817919403278012,0.09712939056408956,0.3363089610893223
295,enterprise,8,0.2157537037859273,0.08054776117997824,0.4239731729779159
296,enterprise,1,0.3158920665328225,0.14120129029532472,0.5139603788358321
296,enterprise,2,0.3208125902100568,0.17529802494748817,0.47223858719292
296,enterprise,4,0.3307732798055944,0.23719397792691105,0.4134335266169879
296,enterprise,6,0.3408880113512163,0.24678657376471982,0.4356984123904316
296,enterprise,8,0.35114974963977297,0.19185045737003423,0.5426854802707086
297,enterprise,1,0.1265255098311079,0.04670057112292085,0.21641513891775696
297,enterprise,2,0.12905278720874575,0.05182088999675893,0.19984961940954185
297,enterprise,4,0.13423638680896924,0.06275054153336476,0.20743462354715142
297,enterprise,6,0.1395948222065094,0.06153130519866452,0.24507472402237304
297,enterprise,8,0.14513129865455218,0.04657739814203931,0.3287187785736819
298,enterprise,1,0.13903102743734572,0.06082006351568219,0.22711992307138262
298,enterprise,2,0.14176755383465411,0.07377679369885953,0.20815133230560307
298,enterprise,4,0.14737544288500581,0.08207684850095358,0.20288041796577874
298,enterprise,6,0.15316557346847992,0.07341064512717012,0.24918274744985594
298,enterprise,8,0.15914072891632,0.05857869872794986,0.3325268146017626
299,enterprise,1,0.07640588302491759,0.02786097262772857,0.1325158558346363
299,enterprise,2,0.07802147090647071,0.03556645988237286,0.1277542187433311
299,enterprise,4,0.08134676813870143,0.04314709768098422,0.12082061933371628
299,enterprise,6,0.08480075504193142,0.0419832228881201,0.1428500398903993
299,enterprise,8,0.08838728796365976,0.03330684441645992,0.18073595321897304
300,midsize,1,0.06058251340763864,0.022415646490160614,0.10749595648339631
300,midsize,2,0.06188593800750816,0.02723760566078745,0.10350220370887597
300,midsize,4,0.06457169808233663,0.03228539806157965,0.10085110306295282
300,midsize,6,0.06736564625775687,0.0303937102525938,0.12307305302827538
300,midsize,8,0.07027140397146535,0.023702484521046018,0.15713401671226454
